image_name,label
22055.jpg,1
18008.jpg,5
22333.jpg,5
14583.jpg,3
20470.jpg,0
10073.jpg,5
13016.jpg,2
17582.jpg,4
682.jpg,2
18352.jpg,0
4284.jpg,5
3164.jpg,1
4533.jpg,5
3823.jpg,3
16860.jpg,0
9424.jpg,1
13271.jpg,0
16410.jpg,3
15080.jpg,3
12977.jpg,3
15013.jpg,2
17595.jpg,3
4135.jpg,5
23279.jpg,0
11574.jpg,5
2260.jpg,2
23922.jpg,3
17367.jpg,5
23777.jpg,4
17518.jpg,1
17974.jpg,2
21579.jpg,5
6861.jpg,1
24306.jpg,4
2001.jpg,4
7969.jpg,4
24117.jpg,1
24068.jpg,1
15220.jpg,5
7272.jpg,1
24192.jpg,2
11147.jpg,5
7688.jpg,3
5806.jpg,0
4758.jpg,4
15303.jpg,0
9873.jpg,3
5178.jpg,3
2664.jpg,1
22474.jpg,4
18825.jpg,0
22713.jpg,0
10261.jpg,1
15629.jpg,1
6921.jpg,4
8677.jpg,4
9261.jpg,5
22396.jpg,3
563.jpg,3
19321.jpg,1
11674.jpg,0
3739.jpg,5
849.jpg,0
22344.jpg,2
11965.jpg,3
11258.jpg,5
4374.jpg,4
2246.jpg,1
19083.jpg,0
22726.jpg,1
12707.jpg,3
8609.jpg,4
23080.jpg,2
1352.jpg,0
19801.jpg,1
14169.jpg,0
18540.jpg,4
2244.jpg,0
1780.jpg,4
22242.jpg,1
529.jpg,4
2444.jpg,1
497.jpg,5
9265.jpg,0
16029.jpg,3
19942.jpg,3
3404.jpg,2
3455.jpg,1
23438.jpg,4
16093.jpg,4
4784.jpg,2
16106.jpg,3
16591.jpg,3
14138.jpg,2
14793.jpg,5
16273.jpg,3
13305.jpg,2
4876.jpg,1
16406.jpg,2
10991.jpg,1
9433.jpg,1
19918.jpg,0
8461.jpg,0
5733.jpg,1
18297.jpg,4
20532.jpg,2
9488.jpg,3
15007.jpg,3
13468.jpg,4
19951.jpg,5
22714.jpg,1
15508.jpg,1
19324.jpg,1
14157.jpg,2
4816.jpg,1
14277.jpg,5
20583.jpg,2
22039.jpg,0
3983.jpg,0
11607.jpg,4
20699.jpg,2
5503.jpg,5
23015.jpg,0
24031.jpg,3
17988.jpg,0
9280.jpg,3
15201.jpg,5
6371.jpg,0
14381.jpg,5
8853.jpg,4
9727.jpg,4
9081.jpg,0
7362.jpg,2
8875.jpg,2
21460.jpg,1
695.jpg,3
9427.jpg,0
7217.jpg,3
20132.jpg,0
23784.jpg,3
13460.jpg,3
826.jpg,4
13450.jpg,4
1253.jpg,2
4836.jpg,1
6784.jpg,0
9947.jpg,0
17738.jpg,5
17614.jpg,1
22584.jpg,5
819.jpg,2
19222.jpg,2
8582.jpg,4
4735.jpg,3
20488.jpg,5
17665.jpg,0
16825.jpg,1
8378.jpg,0
13660.jpg,4
19390.jpg,2
23893.jpg,0
9721.jpg,5
16094.jpg,2
11802.jpg,1
21089.jpg,4
17542.jpg,3
17358.jpg,3
17573.jpg,1
1360.jpg,3
199.jpg,1
12847.jpg,0
15548.jpg,1
8432.jpg,3
3738.jpg,5
16890.jpg,4
23395.jpg,3
23142.jpg,5
11835.jpg,1
5553.jpg,4
13520.jpg,4
70.jpg,2
6093.jpg,3
23614.jpg,3
18589.jpg,5
12866.jpg,0
19619.jpg,2
171.jpg,4
20407.jpg,0
5499.jpg,1
11818.jpg,3
8524.jpg,0
13202.jpg,1
14679.jpg,3
12608.jpg,0
21886.jpg,3
9354.jpg,4
18579.jpg,4
22053.jpg,3
8804.jpg,5
8368.jpg,1
18286.jpg,0
6322.jpg,0
6862.jpg,4
12199.jpg,3
23857.jpg,4
13838.jpg,5
22047.jpg,2
93.jpg,5
9479.jpg,3
3413.jpg,0
2216.jpg,4
5187.jpg,5
17415.jpg,3
6797.jpg,0
23645.jpg,5
24046.jpg,3
3166.jpg,5
183.jpg,1
24003.jpg,3
9668.jpg,4
19501.jpg,3
22151.jpg,3
13509.jpg,4
23170.jpg,5
22744.jpg,3
17546.jpg,1
354.jpg,3
13517.jpg,1
18545.jpg,2
22612.jpg,5
22195.jpg,2
14772.jpg,3
22033.jpg,5
15710.jpg,0
4069.jpg,3
3006.jpg,0
20760.jpg,1
7623.jpg,3
5249.jpg,2
15537.jpg,3
18512.jpg,4
6948.jpg,4
9328.jpg,2
7797.jpg,1
11170.jpg,5
19822.jpg,4
6423.jpg,4
2852.jpg,0
23772.jpg,3
14042.jpg,0
11005.jpg,0
23415.jpg,5
21952.jpg,5
19881.jpg,3
18528.jpg,3
18021.jpg,4
17052.jpg,2
10998.jpg,1
4903.jpg,2
12394.jpg,5
2819.jpg,0
13415.jpg,0
18998.jpg,4
17832.jpg,2
252.jpg,3
1061.jpg,3
13174.jpg,3
15765.jpg,3
5702.jpg,0
14011.jpg,5
21116.jpg,1
7528.jpg,2
4462.jpg,2
11031.jpg,4
5620.jpg,3
6774.jpg,3
4074.jpg,5
23996.jpg,0
20290.jpg,5
4345.jpg,4
2396.jpg,2
13007.jpg,2
1200.jpg,3
14631.jpg,2
2563.jpg,2
13326.jpg,5
7858.jpg,0
19943.jpg,5
16820.jpg,5
23190.jpg,5
23239.jpg,2
17694.jpg,3
15738.jpg,0
8781.jpg,5
8414.jpg,1
17878.jpg,4
3770.jpg,4
15912.jpg,3
18068.jpg,2
12052.jpg,1
1797.jpg,3
774.jpg,4
2865.jpg,4
13123.jpg,2
14139.jpg,0
12335.jpg,1
5134.jpg,0
20552.jpg,2
19194.jpg,4
14172.jpg,4
5289.jpg,3
4753.jpg,2
19787.jpg,1
203.jpg,0
17150.jpg,4
9053.jpg,1
6068.jpg,1
2231.jpg,3
7368.jpg,3
4133.jpg,5
1438.jpg,1
1130.jpg,2
16161.jpg,0
13199.jpg,3
13561.jpg,2
12318.jpg,4
18477.jpg,4
24002.jpg,0
1239.jpg,3
10934.jpg,0
23525.jpg,2
13581.jpg,4
22238.jpg,2
7107.jpg,1
18093.jpg,4
5077.jpg,0
18746.jpg,2
6658.jpg,3
15612.jpg,0
21878.jpg,5
20509.jpg,4
4124.jpg,4
20875.jpg,2
6980.jpg,3
2552.jpg,5
13356.jpg,2
21867.jpg,1
5230.jpg,2
14926.jpg,0
21718.jpg,0
2904.jpg,2
4718.jpg,5
15727.jpg,2
2039.jpg,0
13295.jpg,0
2532.jpg,2
18601.jpg,1
9651.jpg,1
16068.jpg,2
19069.jpg,3
22979.jpg,0
20325.jpg,4
3371.jpg,1
7954.jpg,0
18976.jpg,4
5375.jpg,3
8288.jpg,5
3832.jpg,3
13944.jpg,4
15489.jpg,2
4721.jpg,1
13693.jpg,1
21732.jpg,3
17357.jpg,3
21969.jpg,1
7815.jpg,1
1052.jpg,1
4331.jpg,2
19458.jpg,0
14061.jpg,1
11087.jpg,1
20951.jpg,5
8849.jpg,4
13647.jpg,5
11216.jpg,5
18729.jpg,3
18413.jpg,1
7606.jpg,4
10615.jpg,4
14957.jpg,1
11420.jpg,5
4524.jpg,5
14790.jpg,0
1173.jpg,0
20038.jpg,4
21323.jpg,5
4720.jpg,3
13168.jpg,4
14444.jpg,5
21021.jpg,5
17048.jpg,4
21594.jpg,5
19577.jpg,1
656.jpg,5
7257.jpg,1
6179.jpg,5
13070.jpg,1
21850.jpg,2
72.jpg,5
9809.jpg,5
21338.jpg,4
2404.jpg,4
3867.jpg,5
1092.jpg,2
20939.jpg,4
7243.jpg,5
23307.jpg,2
16858.jpg,3
12964.jpg,1
3715.jpg,3
17290.jpg,2
22743.jpg,0
2980.jpg,2
1207.jpg,1
11443.jpg,0
23071.jpg,2
11158.jpg,3
19452.jpg,2
1319.jpg,1
3362.jpg,3
14253.jpg,2
13370.jpg,4
5766.jpg,3
17307.jpg,5
18510.jpg,0
1478.jpg,4
4434.jpg,5
531.jpg,2
8815.jpg,1
23356.jpg,2
1449.jpg,0
13877.jpg,4
5301.jpg,3
15394.jpg,1
20697.jpg,0
9802.jpg,3
22551.jpg,0
6483.jpg,1
17772.jpg,3
11909.jpg,5
17276.jpg,5
334.jpg,1
18650.jpg,5
9963.jpg,5
13984.jpg,0
9245.jpg,3
3531.jpg,1
4921.jpg,3
14335.jpg,4
9511.jpg,5
11643.jpg,2
14942.jpg,1
7055.jpg,0
9790.jpg,4
9392.jpg,0
10894.jpg,4
24333.jpg,0
3177.jpg,0
16688.jpg,3
14755.jpg,5
11791.jpg,3
6724.jpg,0
23152.jpg,3
5699.jpg,2
16058.jpg,1
17533.jpg,5
2124.jpg,4
10866.jpg,4
23662.jpg,2
718.jpg,4
17062.jpg,2
592.jpg,1
1436.jpg,1
15116.jpg,0
14206.jpg,5
15981.jpg,4
22226.jpg,4
11551.jpg,4
7322.jpg,4
16838.jpg,3
13889.jpg,3
5914.jpg,2
20201.jpg,3
22894.jpg,5
7477.jpg,1
7153.jpg,5
20852.jpg,3
23129.jpg,1
16445.jpg,3
23483.jpg,2
9293.jpg,1
9612.jpg,0
17524.jpg,3
1884.jpg,0
24028.jpg,1
19053.jpg,4
12997.jpg,0
1018.jpg,1
1386.jpg,0
403.jpg,4
18227.jpg,2
4278.jpg,3
17224.jpg,4
9162.jpg,1
8221.jpg,5
13136.jpg,3
2251.jpg,3
590.jpg,5
20478.jpg,1
4480.jpg,4
952.jpg,0
17505.jpg,4
8263.jpg,4
11445.jpg,2
23524.jpg,4
3433.jpg,0
13120.jpg,2
6772.jpg,4
21084.jpg,0
15111.jpg,4
4379.jpg,1
21939.jpg,5
18346.jpg,0
24084.jpg,3
1359.jpg,3
17080.jpg,5
23858.jpg,3
14908.jpg,2
12374.jpg,4
1535.jpg,3
18491.jpg,3
14855.jpg,2
10919.jpg,2
11848.jpg,1
8339.jpg,5
13498.jpg,3
23350.jpg,0
9288.jpg,3
677.jpg,3
7299.jpg,1
1289.jpg,4
5403.jpg,0
17386.jpg,4
2482.jpg,1
18475.jpg,0
4391.jpg,4
13653.jpg,3
16480.jpg,2
20523.jpg,5
3612.jpg,0
3062.jpg,5
1241.jpg,4
15360.jpg,5
12756.jpg,5
14367.jpg,3
9914.jpg,2
24125.jpg,2
2843.jpg,0
9315.jpg,3
88.jpg,1
13552.jpg,2
13085.jpg,4
6696.jpg,5
14742.jpg,5
10677.jpg,2
19393.jpg,3
19372.jpg,2
14426.jpg,3
14195.jpg,1
15838.jpg,5
14149.jpg,0
1234.jpg,0
9594.jpg,2
17649.jpg,3
19684.jpg,0
10981.jpg,3
8572.jpg,2
2354.jpg,0
7423.jpg,4
19111.jpg,3
10660.jpg,2
24302.jpg,5
19731.jpg,5
4277.jpg,2
19092.jpg,4
15910.jpg,5
619.jpg,1
16790.jpg,2
15012.jpg,2
18071.jpg,5
10590.jpg,5
10133.jpg,3
21337.jpg,2
8265.jpg,1
10657.jpg,1
11078.jpg,0
18338.jpg,1
5595.jpg,2
8516.jpg,2
4030.jpg,5
19949.jpg,3
7592.jpg,0
6816.jpg,2
10484.jpg,3
8992.jpg,5
20837.jpg,3
23934.jpg,3
5986.jpg,3
4349.jpg,2
21075.jpg,5
15513.jpg,5
10708.jpg,4
2138.jpg,1
4724.jpg,1
19869.jpg,4
10549.jpg,1
11126.jpg,4
11322.jpg,5
21971.jpg,1
18127.jpg,0
12332.jpg,2
12250.jpg,2
15758.jpg,4
21391.jpg,0
10698.jpg,1
4288.jpg,1
19933.jpg,5
16836.jpg,5
9542.jpg,2
14913.jpg,3
23468.jpg,4
360.jpg,0
4664.jpg,3
10423.jpg,0
2500.jpg,3
19873.jpg,5
18168.jpg,2
2834.jpg,5
14835.jpg,3
20793.jpg,4
14044.jpg,4
18766.jpg,1
9902.jpg,4
23479.jpg,4
17580.jpg,5
13239.jpg,4
5370.jpg,3
24090.jpg,3
2580.jpg,5
19099.jpg,2
8721.jpg,1
22094.jpg,4
17436.jpg,5
10979.jpg,2
15638.jpg,2
6063.jpg,5
13459.jpg,0
20278.jpg,2
8704.jpg,5
17995.jpg,5
7430.jpg,3
5229.jpg,4
1370.jpg,3
6304.jpg,0
21327.jpg,4
13786.jpg,3
23347.jpg,4
21930.jpg,1
13102.jpg,0
21530.jpg,2
5823.jpg,5
10531.jpg,5
19047.jpg,4
8463.jpg,0
7883.jpg,4
16442.jpg,4
15647.jpg,2
6904.jpg,3
16229.jpg,4
382.jpg,3
4649.jpg,5
3415.jpg,1
5929.jpg,4
15378.jpg,0
10910.jpg,1
9063.jpg,4
23147.jpg,2
11082.jpg,0
16121.jpg,0
2118.jpg,1
11781.jpg,2
8710.jpg,0
23313.jpg,1
4780.jpg,0
1990.jpg,3
20936.jpg,0
21619.jpg,3
13063.jpg,3
13392.jpg,5
4564.jpg,4
22106.jpg,4
4489.jpg,2
5807.jpg,0
1003.jpg,4
17192.jpg,2
303.jpg,3
14747.jpg,1
13018.jpg,4
15717.jpg,0
4615.jpg,5
8664.jpg,4
15089.jpg,1
8504.jpg,2
700.jpg,5
16866.jpg,4
4216.jpg,5
9960.jpg,3
9713.jpg,4
6872.jpg,3
17155.jpg,0
2493.jpg,3
23134.jpg,4
7843.jpg,5
21571.jpg,4
10814.jpg,5
8180.jpg,1
13900.jpg,2
20659.jpg,4
2153.jpg,0
233.jpg,4
20143.jpg,4
21395.jpg,3
9284.jpg,2
5693.jpg,5
19370.jpg,2
19991.jpg,1
21549.jpg,1
2734.jpg,2
16319.jpg,4
23754.jpg,4
12952.jpg,3
13321.jpg,4
3729.jpg,0
16343.jpg,1
19751.jpg,0
13875.jpg,1
18097.jpg,1
21925.jpg,5
676.jpg,3
21821.jpg,2
10930.jpg,4
13491.jpg,1
20182.jpg,1
8067.jpg,0
21113.jpg,1
22613.jpg,4
10956.jpg,3
24148.jpg,1
4653.jpg,5
18949.jpg,3
957.jpg,1
5364.jpg,2
15848.jpg,3
5734.jpg,4
3242.jpg,5
22815.jpg,4
17945.jpg,4
19096.jpg,0
5667.jpg,5
9679.jpg,5
19506.jpg,2
17391.jpg,0
4286.jpg,5
3515.jpg,3
22630.jpg,5
20324.jpg,4
10225.jpg,1
18112.jpg,3
17245.jpg,4
4149.jpg,4
8097.jpg,3
13296.jpg,2
20047.jpg,4
20623.jpg,5
3700.jpg,4
18047.jpg,1
10034.jpg,2
5859.jpg,1
20542.jpg,4
22792.jpg,4
19831.jpg,4
23980.jpg,3
10012.jpg,5
1614.jpg,3
6841.jpg,2
15112.jpg,1
15764.jpg,1
15678.jpg,1
11193.jpg,3
1037.jpg,5
9242.jpg,1
21088.jpg,1
3472.jpg,2
20105.jpg,4
12607.jpg,5
11730.jpg,0
7435.jpg,3
18759.jpg,5
10530.jpg,2
14490.jpg,0
11549.jpg,3
23311.jpg,4
19485.jpg,2
1174.jpg,0
22164.jpg,1
18506.jpg,5
8765.jpg,2
10782.jpg,0
4757.jpg,1
16921.jpg,5
9691.jpg,4
24162.jpg,3
24255.jpg,5
18282.jpg,1
21425.jpg,4
5690.jpg,2
17108.jpg,4
9827.jpg,5
17023.jpg,4
4407.jpg,3
8570.jpg,3
17208.jpg,1
15954.jpg,2
11576.jpg,4
9598.jpg,1
20312.jpg,1
22397.jpg,2
16909.jpg,1
2829.jpg,1
2020.jpg,5
19727.jpg,2
13408.jpg,0
7557.jpg,3
9248.jpg,1
13718.jpg,1
5144.jpg,5
14112.jpg,3
14055.jpg,5
15566.jpg,0
4778.jpg,5
18537.jpg,1
22649.jpg,5
973.jpg,3
12989.jpg,1
467.jpg,5
3580.jpg,1
13529.jpg,3
19717.jpg,1
22752.jpg,3
811.jpg,0
10211.jpg,2
19583.jpg,2
16220.jpg,3
18033.jpg,0
23755.jpg,0
16242.jpg,4
12650.jpg,5
16877.jpg,0
22785.jpg,2
11819.jpg,2
14485.jpg,3
3522.jpg,2
10560.jpg,5
23034.jpg,4
5315.jpg,0
23050.jpg,2
6892.jpg,5
600.jpg,3
5511.jpg,3
10201.jpg,5
806.jpg,3
3886.jpg,4
13787.jpg,2
11496.jpg,4
24278.jpg,2
655.jpg,5
11984.jpg,1
9538.jpg,1
14739.jpg,2
1987.jpg,5
19408.jpg,1
3584.jpg,4
9240.jpg,3
4728.jpg,4
7779.jpg,1
16976.jpg,3
16317.jpg,0
9993.jpg,3
15543.jpg,5
7907.jpg,0
14526.jpg,1
398.jpg,4
8726.jpg,5
20456.jpg,3
17366.jpg,4
12061.jpg,4
19712.jpg,3
18479.jpg,2
4464.jpg,5
7622.jpg,4
10583.jpg,1
2956.jpg,2
5472.jpg,0
2025.jpg,0
5598.jpg,1
20987.jpg,5
23790.jpg,1
16263.jpg,4
18319.jpg,4
3379.jpg,5
12399.jpg,3
13917.jpg,5
3716.jpg,0
23827.jpg,0
9429.jpg,0
20442.jpg,4
1837.jpg,2
21094.jpg,3
22213.jpg,5
3436.jpg,2
16605.jpg,3
16332.jpg,3
3463.jpg,0
20451.jpg,2
15686.jpg,4
18030.jpg,5
12329.jpg,0
3923.jpg,2
16907.jpg,0
4361.jpg,2
7660.jpg,3
10813.jpg,4
5328.jpg,2
22872.jpg,5
12966.jpg,3
8493.jpg,0
4685.jpg,3
15963.jpg,4
21056.jpg,1
16487.jpg,3
7975.jpg,4
11520.jpg,5
10187.jpg,4
21074.jpg,4
17961.jpg,1
10976.jpg,0
14406.jpg,1
1922.jpg,0
22131.jpg,5
15368.jpg,5
9414.jpg,3
21637.jpg,3
4188.jpg,5
10949.jpg,5
3854.jpg,4
23086.jpg,4
21696.jpg,4
4268.jpg,5
4866.jpg,3
14975.jpg,1
15850.jpg,5
9373.jpg,0
22865.jpg,5
20654.jpg,3
19696.jpg,5
9794.jpg,4
12953.jpg,2
121.jpg,5
19804.jpg,0
9183.jpg,5
7917.jpg,0
9402.jpg,2
2966.jpg,0
12922.jpg,2
20945.jpg,5
23168.jpg,3
7190.jpg,4
17157.jpg,3
2737.jpg,4
17596.jpg,4
20385.jpg,3
17261.jpg,2
4976.jpg,4
23488.jpg,3
24331.jpg,1
18298.jpg,3
16650.jpg,4
15099.jpg,2
8332.jpg,5
9431.jpg,4
10272.jpg,2
12525.jpg,3
7855.jpg,2
11192.jpg,2
4801.jpg,2
23778.jpg,3
22682.jpg,5
23059.jpg,2
1551.jpg,3
19327.jpg,0
19572.jpg,5
9738.jpg,5
13595.jpg,4
6202.jpg,5
11863.jpg,2
20396.jpg,0
9390.jpg,4
17071.jpg,1
17990.jpg,0
428.jpg,2
17279.jpg,5
11798.jpg,3
4176.jpg,5
10048.jpg,0
4712.jpg,3
5706.jpg,3
14822.jpg,4
8799.jpg,1
16186.jpg,3
22929.jpg,2
5934.jpg,3
16666.jpg,0
17599.jpg,2
2198.jpg,5
1274.jpg,4
14610.jpg,3
4697.jpg,0
16327.jpg,5
21966.jpg,3
16587.jpg,5
2739.jpg,3
9337.jpg,0
11763.jpg,0
17733.jpg,3
13918.jpg,1
23685.jpg,5
10829.jpg,1
3776.jpg,4
19346.jpg,0
7092.jpg,3
6615.jpg,1
9039.jpg,5
17162.jpg,5
12564.jpg,0
12709.jpg,2
5993.jpg,4
8133.jpg,1
8614.jpg,2
12962.jpg,1
5737.jpg,0
5585.jpg,4
1816.jpg,2
18708.jpg,3
18083.jpg,4
6444.jpg,2
15392.jpg,5
16501.jpg,2
15904.jpg,4
2491.jpg,5
21030.jpg,4
14929.jpg,5
15951.jpg,5
2050.jpg,2
4769.jpg,4
20521.jpg,0
7444.jpg,4
5525.jpg,2
11120.jpg,4
16915.jpg,1
12437.jpg,0
10253.jpg,5
21975.jpg,1
8534.jpg,5
17790.jpg,1
11565.jpg,2
3321.jpg,3
15179.jpg,0
17437.jpg,0
1364.jpg,5
22395.jpg,0
2610.jpg,0
2972.jpg,4
3953.jpg,1
23680.jpg,2
23881.jpg,5
9688.jpg,3
20600.jpg,0
9062.jpg,4
10512.jpg,5
20967.jpg,1
9803.jpg,2
18113.jpg,5
21164.jpg,4
3286.jpg,4
3555.jpg,3
12041.jpg,2
20452.jpg,0
23985.jpg,1
19911.jpg,2
19569.jpg,3
17669.jpg,1
6539.jpg,5
19759.jpg,1
5887.jpg,4
22697.jpg,3
11757.jpg,2
18857.jpg,0
14453.jpg,3
5876.jpg,3
3233.jpg,3
5067.jpg,4
11179.jpg,5
2315.jpg,1
20836.jpg,3
14090.jpg,4
15442.jpg,5
20845.jpg,3
8597.jpg,3
23434.jpg,4
10631.jpg,4
12293.jpg,5
1522.jpg,3
13616.jpg,4
156.jpg,0
16864.jpg,2
18599.jpg,2
2258.jpg,1
870.jpg,3
11435.jpg,2
17199.jpg,4
347.jpg,2
4309.jpg,3
5255.jpg,5
21753.jpg,0
21326.jpg,0
7517.jpg,0
19135.jpg,1
11811.jpg,3
18082.jpg,0
13936.jpg,1
15162.jpg,2
8080.jpg,0
13438.jpg,5
15134.jpg,1
19763.jpg,0
6478.jpg,5
20669.jpg,4
4214.jpg,2
12229.jpg,1
13510.jpg,2
21834.jpg,2
18225.jpg,5
1885.jpg,2
11000.jpg,2
17703.jpg,5
19476.jpg,1
12497.jpg,2
21679.jpg,1
6443.jpg,4
2253.jpg,5
1973.jpg,0
3345.jpg,1
19105.jpg,1
11525.jpg,4
5782.jpg,4
7824.jpg,2
6122.jpg,1
23010.jpg,1
23887.jpg,5
4496.jpg,1
4523.jpg,5
17327.jpg,2
11623.jpg,1
11478.jpg,4
3536.jpg,4
7395.jpg,4
19316.jpg,1
14976.jpg,1
11408.jpg,2
2370.jpg,2
17938.jpg,0
6489.jpg,1
17984.jpg,0
1483.jpg,3
21171.jpg,4
19248.jpg,3
6446.jpg,0
20932.jpg,0
22270.jpg,0
9986.jpg,2
12376.jpg,4
11769.jpg,3
17513.jpg,4
17650.jpg,5
20827.jpg,1
10047.jpg,3
854.jpg,0
3757.jpg,0
11771.jpg,2
8681.jpg,2
6448.jpg,3
23864.jpg,0
4760.jpg,0
23231.jpg,0
8160.jpg,3
13939.jpg,2
1086.jpg,2
13047.jpg,1
9005.jpg,2
568.jpg,4
522.jpg,2
18782.jpg,1
13365.jpg,4
7938.jpg,2
21681.jpg,2
1578.jpg,3
17109.jpg,5
3589.jpg,1
15737.jpg,3
13133.jpg,2
1409.jpg,1
7714.jpg,4
10836.jpg,2
6.jpg,4
19474.jpg,4
2031.jpg,0
11163.jpg,3
14596.jpg,4
8287.jpg,0
20375.jpg,1
3276.jpg,1
2982.jpg,0
22287.jpg,3
16424.jpg,1
16606.jpg,5
18973.jpg,0
15974.jpg,4
8147.jpg,3
6191.jpg,2
11285.jpg,0
21536.jpg,4
20037.jpg,0
19602.jpg,1
12730.jpg,4
6672.jpg,1
3892.jpg,1
7208.jpg,4
9660.jpg,2
16015.jpg,0
19648.jpg,1
10286.jpg,1
16536.jpg,3
2270.jpg,4
9107.jpg,5
13084.jpg,2
16553.jpg,4
23568.jpg,2
15720.jpg,3
985.jpg,2
3537.jpg,2
12205.jpg,2
16228.jpg,4
3408.jpg,2
14405.jpg,0
22381.jpg,3
16447.jpg,3
23526.jpg,4
1793.jpg,0
9341.jpg,1
2645.jpg,5
3129.jpg,5
13297.jpg,2
6807.jpg,2
493.jpg,1
1076.jpg,1
475.jpg,1
13275.jpg,2
2139.jpg,3
16649.jpg,4
14395.jpg,2
23788.jpg,0
13039.jpg,5
20025.jpg,2
6952.jpg,3
9607.jpg,4
15309.jpg,5
19655.jpg,5
16686.jpg,3
9702.jpg,3
14069.jpg,0
21988.jpg,5
7792.jpg,1
19497.jpg,2
23880.jpg,5
6649.jpg,2
2606.jpg,2
4167.jpg,5
4687.jpg,0
5110.jpg,2
12715.jpg,3
6614.jpg,3
4343.jpg,5
15576.jpg,0
17086.jpg,4
5898.jpg,4
17677.jpg,2
7349.jpg,0
16216.jpg,3
23326.jpg,5
15733.jpg,1
9101.jpg,2
19651.jpg,2
1141.jpg,2
24291.jpg,3
6534.jpg,3
21871.jpg,1
1994.jpg,2
18285.jpg,4
3198.jpg,4
19340.jpg,1
13908.jpg,5
8101.jpg,0
11392.jpg,2
8175.jpg,4
23358.jpg,5
2684.jpg,4
22945.jpg,4
18862.jpg,0
11693.jpg,3
13428.jpg,0
15762.jpg,2
7895.jpg,5
14613.jpg,4
23842.jpg,3
17465.jpg,2
4438.jpg,5
13562.jpg,1
3159.jpg,1
12825.jpg,4
18890.jpg,3
12498.jpg,4
6855.jpg,2
21562.jpg,3
13004.jpg,3
16524.jpg,3
9038.jpg,1
24093.jpg,0
7115.jpg,4
18970.jpg,1
5687.jpg,4
16892.jpg,1
7426.jpg,0
11633.jpg,5
17763.jpg,3
21534.jpg,5
23911.jpg,3
7508.jpg,0
12859.jpg,1
10208.jpg,0
15924.jpg,4
16353.jpg,1
21901.jpg,3
8489.jpg,1
15679.jpg,4
17440.jpg,5
22218.jpg,5
7260.jpg,4
7334.jpg,5
18054.jpg,4
10593.jpg,0
5137.jpg,2
15946.jpg,3
11854.jpg,2
18387.jpg,1
3252.jpg,3
633.jpg,4
14032.jpg,3
13262.jpg,0
20101.jpg,0
22332.jpg,2
7511.jpg,3
16704.jpg,1
14102.jpg,0
1371.jpg,2
11012.jpg,5
15847.jpg,0
21103.jpg,2
8317.jpg,1
15049.jpg,5
14208.jpg,2
9950.jpg,5
251.jpg,3
20223.jpg,3
13169.jpg,0
8417.jpg,3
14992.jpg,2
4366.jpg,1
10586.jpg,5
4696.jpg,0
7649.jpg,3
22594.jpg,4
21131.jpg,5
16277.jpg,0
5671.jpg,2
2283.jpg,5
19972.jpg,5
12076.jpg,2
15387.jpg,1
2276.jpg,1
15603.jpg,3
4732.jpg,5
1271.jpg,1
16264.jpg,0
888.jpg,5
2378.jpg,1
1717.jpg,0
8359.jpg,2
22615.jpg,2
1113.jpg,4
24114.jpg,0
10931.jpg,0
7329.jpg,4
5957.jpg,4
10308.jpg,1
21172.jpg,4
12079.jpg,4
18591.jpg,1
14699.jpg,0
2854.jpg,0
10797.jpg,5
4494.jpg,5
12791.jpg,5
20199.jpg,2
14657.jpg,3
7870.jpg,1
18624.jpg,1
2022.jpg,0
18450.jpg,1
21228.jpg,4
13413.jpg,3
1969.jpg,5
2624.jpg,0
16271.jpg,5
4782.jpg,2
16725.jpg,3
9889.jpg,3
393.jpg,2
16519.jpg,2
13672.jpg,0
16304.jpg,2
8789.jpg,4
12284.jpg,5
9772.jpg,4
13501.jpg,1
16628.jpg,1
7762.jpg,0
16135.jpg,0
6292.jpg,1
21028.jpg,1
17088.jpg,0
9765.jpg,3
8971.jpg,3
14587.jpg,1
20724.jpg,2
23064.jpg,2
18802.jpg,5
23895.jpg,1
8015.jpg,5
5162.jpg,1
4781.jpg,4
13443.jpg,3
14193.jpg,3
238.jpg,2
20224.jpg,1
14339.jpg,3
14151.jpg,5
20492.jpg,2
12972.jpg,3
10969.jpg,2
23917.jpg,1
12724.jpg,0
8035.jpg,2
13081.jpg,5
6781.jpg,3
13683.jpg,4
825.jpg,3
13850.jpg,2
17851.jpg,3
13179.jpg,1
3550.jpg,4
5251.jpg,4
374.jpg,1
5668.jpg,4
3817.jpg,2
17876.jpg,1
6832.jpg,2
18861.jpg,2
2784.jpg,1
9783.jpg,4
20969.jpg,5
668.jpg,0
2427.jpg,0
6365.jpg,4
4957.jpg,1
10944.jpg,2
18391.jpg,1
19025.jpg,4
2828.jpg,4
22524.jpg,2
11167.jpg,3
9132.jpg,4
19528.jpg,0
18376.jpg,2
2286.jpg,0
21145.jpg,0
13584.jpg,0
23460.jpg,2
21833.jpg,3
20786.jpg,5
21608.jpg,4
3168.jpg,4
8650.jpg,1
16217.jpg,1
5564.jpg,3
3402.jpg,3
1598.jpg,1
20279.jpg,3
2844.jpg,1
13977.jpg,3
17748.jpg,2
21602.jpg,5
4439.jpg,5
10375.jpg,5
8496.jpg,3
23425.jpg,4
4525.jpg,2
15941.jpg,3
16291.jpg,3
19863.jpg,1
766.jpg,4
15519.jpg,2
11224.jpg,5
12645.jpg,3
11588.jpg,5
18852.jpg,4
6794.jpg,5
5020.jpg,5
1992.jpg,2
17549.jpg,2
7776.jpg,3
4930.jpg,2
1995.jpg,1
18641.jpg,4
5959.jpg,2
20103.jpg,2
23607.jpg,5
4071.jpg,0
15630.jpg,1
20118.jpg,4
1834.jpg,4
21080.jpg,2
4429.jpg,3
2593.jpg,3
12088.jpg,2
18669.jpg,3
21436.jpg,3
4280.jpg,4
20883.jpg,4
20404.jpg,4
13065.jpg,2
6879.jpg,5
3080.jpg,5
1726.jpg,1
18810.jpg,5
13028.jpg,4
19520.jpg,5
16660.jpg,2
2708.jpg,1
15027.jpg,3
14346.jpg,0
2438.jpg,2
3084.jpg,2
2646.jpg,4
12073.jpg,3
7390.jpg,0
23882.jpg,2
16167.jpg,5
8828.jpg,0
1620.jpg,1
2728.jpg,0
7353.jpg,5
21273.jpg,3
10914.jpg,0
23601.jpg,4
4991.jpg,1
23501.jpg,3
18635.jpg,5
5751.jpg,3
13433.jpg,3
23019.jpg,2
9021.jpg,3
452.jpg,1
22549.jpg,5
13358.jpg,5
8926.jpg,1
3947.jpg,4
1631.jpg,5
6293.jpg,1
5901.jpg,1
1756.jpg,4
14413.jpg,0
23007.jpg,2
21184.jpg,4
13161.jpg,2
8370.jpg,3
19084.jpg,5
7905.jpg,3
5016.jpg,2
692.jpg,1
23803.jpg,1
19231.jpg,5
3292.jpg,2
16894.jpg,3
11115.jpg,3
8823.jpg,4
19504.jpg,5
10855.jpg,0
11773.jpg,3
10682.jpg,2
21299.jpg,3
2376.jpg,5
24035.jpg,5
17125.jpg,1
10612.jpg,4
4550.jpg,2
14438.jpg,3
10535.jpg,3
16908.jpg,4
948.jpg,3
18762.jpg,3
3642.jpg,1
12954.jpg,4
9403.jpg,2
2694.jpg,0
3541.jpg,3
23303.jpg,3
8264.jpg,2
5967.jpg,5
8046.jpg,4
19645.jpg,4
12712.jpg,2
10952.jpg,0
4611.jpg,4
6621.jpg,5
5966.jpg,1
17979.jpg,5
21009.jpg,2
863.jpg,3
22007.jpg,4
3754.jpg,5
12879.jpg,2
18274.jpg,3
3208.jpg,4
6665.jpg,4
21758.jpg,2
18563.jpg,3
2467.jpg,4
9150.jpg,3
13178.jpg,5
799.jpg,1
6513.jpg,3
423.jpg,4
284.jpg,5
7316.jpg,5
12137.jpg,3
2631.jpg,5
12423.jpg,0
10333.jpg,4
5491.jpg,4
18464.jpg,1
12764.jpg,3
20139.jpg,5
13335.jpg,3
10634.jpg,2
6401.jpg,3
23532.jpg,2
2094.jpg,0
12832.jpg,2
11123.jpg,4
5481.jpg,1
2986.jpg,2
4960.jpg,4
19521.jpg,3
6113.jpg,5
20880.jpg,5
858.jpg,4
15186.jpg,4
6800.jpg,1
2634.jpg,0
8451.jpg,5
23288.jpg,4
12971.jpg,4
18994.jpg,2
18613.jpg,3
14066.jpg,1
20823.jpg,0
23424.jpg,2
18640.jpg,5
6611.jpg,5
22638.jpg,3
20859.jpg,3
20505.jpg,1
3037.jpg,3
17815.jpg,5
18194.jpg,0
20104.jpg,3
19893.jpg,5
12476.jpg,3
18966.jpg,4
7296.jpg,0
1579.jpg,2
17909.jpg,1
3283.jpg,3
5981.jpg,5
14953.jpg,2
19322.jpg,2
15779.jpg,3
2499.jpg,0
19432.jpg,0
23954.jpg,4
16405.jpg,3
20797.jpg,5
2207.jpg,1
18061.jpg,5
9270.jpg,0
7304.jpg,2
21365.jpg,2
13318.jpg,0
15274.jpg,1
4420.jpg,5
16378.jpg,3
18719.jpg,1
7705.jpg,0
1206.jpg,0
13530.jpg,5
15427.jpg,2
9562.jpg,2
24308.jpg,1
7295.jpg,4
24140.jpg,0
5894.jpg,5
6988.jpg,4
20923.jpg,1
16393.jpg,5
21002.jpg,5
8002.jpg,2
4574.jpg,5
6727.jpg,2
2117.jpg,1
3707.jpg,3
9398.jpg,2
13062.jpg,3
17754.jpg,5
1479.jpg,3
13663.jpg,1
8007.jpg,2
5274.jpg,5
7607.jpg,2
1349.jpg,4
7631.jpg,0
3632.jpg,2
14650.jpg,0
18081.jpg,1
19181.jpg,0
15119.jpg,2
10045.jpg,5
19472.jpg,5
18935.jpg,3
4984.jpg,4
1277.jpg,4
18924.jpg,4
4166.jpg,2
17535.jpg,1
17121.jpg,5
8268.jpg,4
6194.jpg,2
3821.jpg,0
18109.jpg,3
3926.jpg,1
20855.jpg,1
7903.jpg,1
7968.jpg,4
4196.jpg,0
9178.jpg,1
10486.jpg,0
8078.jpg,5
21511.jpg,3
15229.jpg,2
3668.jpg,4
18241.jpg,3
12264.jpg,5
1504.jpg,1
13390.jpg,5
5787.jpg,5
6572.jpg,3
4212.jpg,1
2474.jpg,4
16987.jpg,1
961.jpg,0
836.jpg,4
23832.jpg,1
11531.jpg,0
2402.jpg,3
17334.jpg,3
831.jpg,1
11648.jpg,2
6860.jpg,1
18948.jpg,5
21552.jpg,3
16508.jpg,3
23345.jpg,1
14960.jpg,1
8184.jpg,4
12056.jpg,3
22910.jpg,5
1494.jpg,3
18171.jpg,1
21500.jpg,0
4329.jpg,1
9294.jpg,1
3981.jpg,2
16767.jpg,0
8784.jpg,3
2731.jpg,0
8040.jpg,0
12341.jpg,1
12086.jpg,1
10989.jpg,1
1300.jpg,4
8846.jpg,2
22659.jpg,0
12891.jpg,5
10685.jpg,4
1258.jpg,3
14981.jpg,3
5346.jpg,3
1521.jpg,0
18134.jpg,0
14524.jpg,2
13119.jpg,1
15707.jpg,5
12545.jpg,0
18200.jpg,5
24316.jpg,2
20483.jpg,2
17293.jpg,5
9886.jpg,3
6229.jpg,5
6214.jpg,5
9187.jpg,5
8012.jpg,5
4688.jpg,5
1166.jpg,4
4635.jpg,0
3140.jpg,3
21946.jpg,1
7524.jpg,0
19803.jpg,0
20291.jpg,0
20829.jpg,2
9123.jpg,1
21728.jpg,1
7738.jpg,4
15555.jpg,5
3228.jpg,0
19653.jpg,0
7069.jpg,3
18410.jpg,0
144.jpg,0
8403.jpg,1
15219.jpg,0
19644.jpg,0
1393.jpg,0
23646.jpg,0
8722.jpg,3
24330.jpg,2
10680.jpg,1
176.jpg,2
20593.jpg,3
12527.jpg,1
17132.jpg,4
17578.jpg,5
13469.jpg,5
14093.jpg,5
6074.jpg,0
15735.jpg,0
660.jpg,3
12109.jpg,2
6617.jpg,4
24233.jpg,5
20428.jpg,3
12582.jpg,1
5882.jpg,3
13852.jpg,3
10880.jpg,0
4625.jpg,3
1972.jpg,3
6475.jpg,3
18774.jpg,4
13990.jpg,1
14128.jpg,3
1348.jpg,1
13091.jpg,3
9100.jpg,4
13542.jpg,1
10918.jpg,4
13636.jpg,3
4849.jpg,1
7871.jpg,2
10968.jpg,5
21005.jpg,2
4933.jpg,1
13416.jpg,2
1847.jpg,3
18036.jpg,3
2628.jpg,2
22906.jpg,1
20323.jpg,5
22627.jpg,0
22733.jpg,4
17471.jpg,3
24293.jpg,5
16850.jpg,3
14729.jpg,0
5762.jpg,1
3120.jpg,4
1119.jpg,4
10388.jpg,1
12749.jpg,4
23891.jpg,0
12575.jpg,4
10818.jpg,5
10241.jpg,1
3133.jpg,5
2812.jpg,4
19301.jpg,4
20192.jpg,5
22680.jpg,1
9724.jpg,0
11634.jpg,0
10760.jpg,2
17792.jpg,2
19365.jpg,2
7066.jpg,1
19788.jpg,2
14562.jpg,4
18119.jpg,5
15366.jpg,0
5567.jpg,0
24065.jpg,3
8944.jpg,1
11399.jpg,0
11538.jpg,3
4931.jpg,4
21072.jpg,2
15053.jpg,4
12796.jpg,5
6492.jpg,4
4274.jpg,1
14457.jpg,1
435.jpg,1
20573.jpg,4
4692.jpg,5
1374.jpg,3
12842.jpg,5
7577.jpg,5
5608.jpg,5
7005.jpg,4
12261.jpg,1
19480.jpg,1
18818.jpg,4
23173.jpg,5
18968.jpg,0
22772.jpg,5
20891.jpg,0
16145.jpg,3
14906.jpg,3
5580.jpg,3
9477.jpg,1
6554.jpg,4
1048.jpg,2
6730.jpg,4
17601.jpg,1
18616.jpg,1
5685.jpg,0
788.jpg,3
10477.jpg,5
5537.jpg,0
14361.jpg,0
13330.jpg,4
2081.jpg,4
3.jpg,5
24253.jpg,5
81.jpg,2
17686.jpg,2
11269.jpg,4
13927.jpg,1
19410.jpg,2
12781.jpg,5
15927.jpg,2
7273.jpg,1
4545.jpg,4
18706.jpg,3
16747.jpg,2
12132.jpg,5
3690.jpg,4
21888.jpg,1
3201.jpg,2
12189.jpg,2
2112.jpg,0
17618.jpg,4
15230.jpg,1
1016.jpg,4
21690.jpg,4
23145.jpg,5
10888.jpg,3
6966.jpg,0
7752.jpg,2
16751.jpg,3
4113.jpg,3
15325.jpg,1
8467.jpg,0
2898.jpg,3
17163.jpg,2
15441.jpg,5
9318.jpg,1
12141.jpg,0
16754.jpg,2
10233.jpg,5
18665.jpg,4
9939.jpg,1
14561.jpg,3
169.jpg,5
16900.jpg,3
24183.jpg,2
2795.jpg,2
7389.jpg,5
3471.jpg,2
22923.jpg,2
9829.jpg,0
12251.jpg,3
5657.jpg,3
21785.jpg,2
3350.jpg,3
9694.jpg,5
17012.jpg,5
23849.jpg,0
8091.jpg,0
5379.jpg,0
5278.jpg,1
14352.jpg,1
16444.jpg,5
7147.jpg,5
6288.jpg,4
18969.jpg,4
22174.jpg,0
308.jpg,3
21218.jpg,4
14108.jpg,0
14757.jpg,4
9161.jpg,0
21026.jpg,3
18714.jpg,1
12626.jpg,1
6819.jpg,4
2165.jpg,0
15706.jpg,0
10585.jpg,1
19994.jpg,3
19448.jpg,1
23626.jpg,0
3982.jpg,2
5184.jpg,2
20715.jpg,2
3452.jpg,1
9855.jpg,2
23204.jpg,1
1330.jpg,5
7466.jpg,2
7911.jpg,0
16197.jpg,0
9303.jpg,3
22298.jpg,4
22422.jpg,3
13489.jpg,5
10247.jpg,4
14236.jpg,5
11501.jpg,3
21374.jpg,0
3916.jpg,3
14053.jpg,3
320.jpg,5
3728.jpg,1
4495.jpg,5
9326.jpg,3
19527.jpg,3
17637.jpg,0
24288.jpg,2
2969.jpg,4
7381.jpg,4
19313.jpg,2
4138.jpg,0
8715.jpg,2
7124.jpg,3
12359.jpg,0
15297.jpg,2
11666.jpg,1
16224.jpg,1
8522.jpg,0
9227.jpg,4
22190.jpg,0
7068.jpg,2
15669.jpg,5
18536.jpg,3
8279.jpg,5
12700.jpg,3
19445.jpg,0
23634.jpg,2
20902.jpg,4
4014.jpg,0
9194.jpg,2
7089.jpg,0
14850.jpg,5
344.jpg,2
4394.jpg,5
15272.jpg,0
13017.jpg,0
5936.jpg,4
23897.jpg,2
9295.jpg,5
12253.jpg,2
1168.jpg,1
23513.jpg,4
18904.jpg,5
61.jpg,0
7770.jpg,5
22229.jpg,1
15283.jpg,5
11511.jpg,2
21835.jpg,1
13465.jpg,2
9143.jpg,3
19838.jpg,0
24030.jpg,0
8482.jpg,3
4121.jpg,0
2866.jpg,2
8141.jpg,0
2313.jpg,4
399.jpg,3
4503.jpg,0
7483.jpg,1
2133.jpg,4
4734.jpg,5
6308.jpg,4
19457.jpg,5
5322.jpg,2
11001.jpg,2
2221.jpg,2
17517.jpg,1
23196.jpg,1
9678.jpg,4
20415.jpg,4
9677.jpg,1
22698.jpg,5
3995.jpg,4
7476.jpg,4
18229.jpg,5
21321.jpg,2
52.jpg,3
3979.jpg,3
12918.jpg,5
9382.jpg,0
3698.jpg,1
4126.jpg,0
7356.jpg,2
13414.jpg,1
11726.jpg,2
21477.jpg,1
14574.jpg,2
21755.jpg,4
11301.jpg,2
5469.jpg,5
1382.jpg,3
20682.jpg,5
12662.jpg,3
8873.jpg,5
19229.jpg,1
17629.jpg,2
14893.jpg,3
8620.jpg,3
11997.jpg,4
7434.jpg,0
21489.jpg,4
14921.jpg,3
21397.jpg,4
15286.jpg,0
1268.jpg,2
14581.jpg,3
22816.jpg,0
16098.jpg,0
24071.jpg,2
4472.jpg,4
23113.jpg,3
7811.jpg,2
9075.jpg,4
21446.jpg,1
22674.jpg,1
12800.jpg,1
6806.jpg,3
18198.jpg,5
12475.jpg,4
16000.jpg,1
4684.jpg,5
18160.jpg,5
17610.jpg,5
8071.jpg,3
16815.jpg,2
16270.jpg,5
16637.jpg,3
23504.jpg,0
6925.jpg,3
20749.jpg,2
9818.jpg,5
4107.jpg,5
14347.jpg,4
8400.jpg,1
17447.jpg,3
15722.jpg,0
14308.jpg,4
15700.jpg,0
23158.jpg,0
2686.jpg,1
16464.jpg,3
2316.jpg,1
14858.jpg,5
10363.jpg,2
21114.jpg,1
19233.jpg,0
16196.jpg,2
23030.jpg,4
20220.jpg,2
1745.jpg,5
19424.jpg,2
7753.jpg,0
2498.jpg,1
17282.jpg,4
20125.jpg,3
16158.jpg,3
4360.jpg,2
16883.jpg,1
19821.jpg,0
4409.jpg,2
11017.jpg,3
23518.jpg,1
10166.jpg,3
7270.jpg,3
1102.jpg,4
5802.jpg,0
20360.jpg,3
16028.jpg,5
13292.jpg,4
20021.jpg,1
19421.jpg,5
12006.jpg,4
13870.jpg,1
995.jpg,1
17635.jpg,1
4562.jpg,5
1746.jpg,1
23627.jpg,3
3597.jpg,5
271.jpg,2
12182.jpg,5
20881.jpg,0
2970.jpg,2
11953.jpg,2
3688.jpg,3
15649.jpg,3
4756.jpg,3
12033.jpg,2
2447.jpg,5
21708.jpg,2
4011.jpg,2
4587.jpg,0
1036.jpg,3
129.jpg,4
3735.jpg,3
4101.jpg,3
14890.jpg,3
19543.jpg,3
23905.jpg,3
12246.jpg,5
14326.jpg,5
2781.jpg,3
6639.jpg,4
1245.jpg,0
19470.jpg,5
10758.jpg,5
11015.jpg,3
13344.jpg,4
19919.jpg,4
1226.jpg,1
17326.jpg,2
21204.jpg,3
5863.jpg,5
873.jpg,2
6362.jpg,0
3445.jpg,3
22114.jpg,1
21312.jpg,3
13817.jpg,1
11509.jpg,1
20625.jpg,0
5813.jpg,0
14558.jpg,5
3502.jpg,3
12824.jpg,4
7446.jpg,2
6248.jpg,2
16412.jpg,3
5320.jpg,2
24305.jpg,2
18747.jpg,3
9723.jpg,2
20645.jpg,2
10901.jpg,4
15276.jpg,0
17292.jpg,1
4585.jpg,1
2200.jpg,3
310.jpg,2
6382.jpg,0
18886.jpg,1
13458.jpg,1
23340.jpg,0
6882.jpg,3
588.jpg,1
11715.jpg,5
101.jpg,2
17684.jpg,5
6941.jpg,5
7391.jpg,0
2096.jpg,5
7077.jpg,1
7465.jpg,2
14234.jpg,2
19856.jpg,3
18943.jpg,0
9145.jpg,5
23836.jpg,3
18212.jpg,4
8251.jpg,1
6168.jpg,2
22795.jpg,3
14522.jpg,5
13333.jpg,2
16978.jpg,4
1934.jpg,1
19028.jpg,4
19442.jpg,1
21315.jpg,3
19503.jpg,3
20675.jpg,2
23963.jpg,5
4641.jpg,5
16597.jpg,0
4104.jpg,2
10292.jpg,1
14271.jpg,1
11870.jpg,2
23839.jpg,2
6427.jpg,2
13148.jpg,0
7011.jpg,0
13713.jpg,5
18830.jpg,1
2572.jpg,0
787.jpg,1
16937.jpg,4
21205.jpg,0
13707.jpg,5
9599.jpg,3
2945.jpg,1
19088.jpg,4
23519.jpg,3
11102.jpg,4
5639.jpg,2
14240.jpg,5
21109.jpg,3
13346.jpg,1
17409.jpg,2
12951.jpg,4
12413.jpg,4
8168.jpg,3
919.jpg,1
15870.jpg,5
17057.jpg,3
19143.jpg,0
22861.jpg,1
575.jpg,1
4580.jpg,3
18543.jpg,2
21282.jpg,2
11486.jpg,5
18032.jpg,5
21188.jpg,0
5493.jpg,3
18307.jpg,5
23251.jpg,2
3085.jpg,3
528.jpg,4
10702.jpg,3
4722.jpg,1
4063.jpg,5
15137.jpg,5
20369.jpg,2
12409.jpg,5
8173.jpg,5
1214.jpg,0
3673.jpg,0
14265.jpg,5
15583.jpg,1
21275.jpg,5
13036.jpg,3
20514.jpg,5
21404.jpg,2
8555.jpg,4
7075.jpg,3
16230.jpg,2
7162.jpg,1
13589.jpg,5
944.jpg,1
400.jpg,2
18833.jpg,5
8858.jpg,1
9115.jpg,2
3380.jpg,3
1749.jpg,0
21251.jpg,5
9379.jpg,3
1347.jpg,1
9554.jpg,4
18620.jpg,3
15187.jpg,2
12725.jpg,5
21439.jpg,4
20351.jpg,2
13098.jpg,3
99.jpg,1
4917.jpg,3
5975.jpg,1
18633.jpg,4
22363.jpg,5
12550.jpg,4
11009.jpg,2
4910.jpg,1
16177.jpg,5
11394.jpg,2
11881.jpg,2
22300.jpg,5
9316.jpg,2
9264.jpg,1
19106.jpg,4
19641.jpg,4
9130.jpg,0
14050.jpg,2
21914.jpg,0
18362.jpg,5
549.jpg,1
20468.jpg,0
17050.jpg,5
4037.jpg,1
2057.jpg,1
7739.jpg,2
6785.jpg,2
12443.jpg,5
4302.jpg,1
11137.jpg,3
10043.jpg,4
13662.jpg,4
1169.jpg,0
20035.jpg,5
2017.jpg,0
10799.jpg,3
22984.jpg,1
8772.jpg,2
16970.jpg,2
2918.jpg,3
16084.jpg,0
8576.jpg,0
22796.jpg,4
2271.jpg,4
2690.jpg,3
12192.jpg,4
6390.jpg,1
21944.jpg,3
16256.jpg,5
15128.jpg,5
19473.jpg,3
4837.jpg,0
10178.jpg,1
19631.jpg,2
15623.jpg,4
23691.jpg,2
4032.jpg,4
24151.jpg,3
3782.jpg,0
12675.jpg,4
18055.jpg,2
9302.jpg,4
9428.jpg,5
19288.jpg,0
2533.jpg,3
5415.jpg,1
8840.jpg,3
18996.jpg,0
10340.jpg,5
2401.jpg,0
2557.jpg,2
4637.jpg,1
4376.jpg,0
20562.jpg,1
14310.jpg,3
15450.jpg,5
10179.jpg,0
9988.jpg,5
1776.jpg,2
15018.jpg,0
8583.jpg,2
1143.jpg,1
19673.jpg,1
4219.jpg,3
10038.jpg,4
22618.jpg,3
14549.jpg,0
792.jpg,2
10336.jpg,3
17676.jpg,0
14478.jpg,3
632.jpg,3
4200.jpg,3
6717.jpg,0
8182.jpg,4
7896.jpg,3
817.jpg,3
10424.jpg,1
16941.jpg,2
21219.jpg,5
8167.jpg,3
23941.jpg,4
4881.jpg,1
20119.jpg,1
18879.jpg,5
15178.jpg,5
8176.jpg,0
9212.jpg,4
10749.jpg,5
4559.jpg,1
23021.jpg,3
4714.jpg,0
20614.jpg,3
18858.jpg,1
436.jpg,2
19908.jpg,3
23690.jpg,4
5844.jpg,2
15610.jpg,2
8877.jpg,1
4726.jpg,5
14020.jpg,1
15305.jpg,5
13876.jpg,5
13485.jpg,5
20768.jpg,5
16193.jpg,3
4929.jpg,3
22802.jpg,0
15461.jpg,3
10102.jpg,4
18775.jpg,5
24054.jpg,3
5871.jpg,1
17210.jpg,5
23571.jpg,0
671.jpg,5
16603.jpg,2
9200.jpg,0
20340.jpg,1
5200.jpg,0
17478.jpg,1
10478.jpg,4
1114.jpg,5
3544.jpg,2
19469.jpg,2
1404.jpg,2
21122.jpg,4
5987.jpg,0
2247.jpg,0
22590.jpg,3
215.jpg,4
14046.jpg,4
8099.jpg,4
9476.jpg,0
1708.jpg,5
6493.jpg,0
18178.jpg,1
15676.jpg,0
1164.jpg,5
2268.jpg,1
4710.jpg,1
13237.jpg,0
20700.jpg,4
21654.jpg,3
9461.jpg,2
4262.jpg,5
11809.jpg,4
5057.jpg,3
18295.jpg,2
4265.jpg,3
12797.jpg,1
11431.jpg,5
16893.jpg,2
13331.jpg,0
19931.jpg,2
21127.jpg,0
6140.jpg,3
5746.jpg,4
950.jpg,4
5476.jpg,3
19785.jpg,0
14306.jpg,5
19310.jpg,0
16706.jpg,2
10190.jpg,2
1509.jpg,4
9697.jpg,1
15075.jpg,5
20237.jpg,3
21998.jpg,2
14386.jpg,5
9804.jpg,2
16608.jpg,2
16546.jpg,0
18049.jpg,0
368.jpg,2
18519.jpg,1
23566.jpg,1
14026.jpg,5
14821.jpg,0
20641.jpg,4
7106.jpg,5
17405.jpg,4
18608.jpg,5
20122.jpg,5
23595.jpg,1
2368.jpg,2
20284.jpg,4
14762.jpg,1
494.jpg,3
16653.jpg,4
2556.jpg,4
8969.jpg,1
1680.jpg,3
3570.jpg,0
7043.jpg,4
19980.jpg,1
21413.jpg,4
22367.jpg,3
12098.jpg,2
5555.jpg,5
1082.jpg,0
21687.jpg,4
15726.jpg,0
17388.jpg,4
1971.jpg,1
19368.jpg,0
5367.jpg,5
5420.jpg,1
22892.jpg,4
13971.jpg,4
23971.jpg,5
12804.jpg,2
14653.jpg,2
17501.jpg,4
13461.jpg,0
8010.jpg,1
24276.jpg,3
3525.jpg,4
16881.jpg,1
11615.jpg,2
23422.jpg,1
22313.jpg,0
18554.jpg,3
15698.jpg,0
7789.jpg,1
20200.jpg,5
6938.jpg,2
20803.jpg,3
16151.jpg,2
14155.jpg,2
6674.jpg,3
17606.jpg,2
13933.jpg,2
22302.jpg,4
8247.jpg,0
24272.jpg,3
22578.jpg,0
21029.jpg,0
20215.jpg,4
11897.jpg,0
287.jpg,4
2309.jpg,4
9618.jpg,4
22403.jpg,4
22282.jpg,3
12813.jpg,1
6577.jpg,2
15262.jpg,5
16051.jpg,2
4040.jpg,0
8776.jpg,1
23083.jpg,4
20005.jpg,3
1785.jpg,4
21920.jpg,3
8936.jpg,3
6900.jpg,3
11214.jpg,0
22006.jpg,4
4185.jpg,1
16772.jpg,4
20772.jpg,0
17059.jpg,5
12860.jpg,0
6846.jpg,1
7148.jpg,2
19188.jpg,1
24240.jpg,3
16181.jpg,1
8550.jpg,4
350.jpg,0
18892.jpg,4
13620.jpg,5
22052.jpg,1
18370.jpg,1
1046.jpg,4
6303.jpg,3
24194.jpg,5
20792.jpg,2
17879.jpg,5
23372.jpg,3
7614.jpg,5
8990.jpg,1
14421.jpg,4
22155.jpg,2
8833.jpg,1
9168.jpg,3
365.jpg,3
17158.jpg,4
12899.jpg,0
24025.jpg,0
11461.jpg,4
16526.jpg,4
20727.jpg,1
4764.jpg,2
24121.jpg,1
8319.jpg,4
17118.jpg,0
13690.jpg,3
17753.jpg,1
20913.jpg,0
6089.jpg,5
17749.jpg,1
11546.jpg,3
20065.jpg,2
20518.jpg,4
10243.jpg,3
18739.jpg,4
6690.jpg,4
2952.jpg,5
21746.jpg,3
4946.jpg,3
4364.jpg,5
20538.jpg,5
5621.jpg,1
20780.jpg,0
17850.jpg,3
10371.jpg,1
23580.jpg,1
19592.jpg,3
8829.jpg,2
21384.jpg,5
5245.jpg,4
23252.jpg,1
12969.jpg,3
17003.jpg,5
12305.jpg,3
19361.jpg,2
6901.jpg,5
4206.jpg,0
24015.jpg,2
19385.jpg,2
7943.jpg,2
16791.jpg,4
21031.jpg,0
7283.jpg,5
4240.jpg,1
5951.jpg,2
10352.jpg,5
19742.jpg,4
19633.jpg,2
23894.jpg,2
13610.jpg,0
21566.jpg,3
4955.jpg,2
9987.jpg,5
930.jpg,2
13500.jpg,3
22.jpg,1
15663.jpg,0
18220.jpg,1
18581.jpg,2
22579.jpg,3
20795.jpg,0
17634.jpg,0
20020.jpg,1
16784.jpg,2
18722.jpg,2
19333.jpg,5
21003.jpg,1
14695.jpg,5
20775.jpg,0
15621.jpg,4
7597.jpg,5
14267.jpg,3
17383.jpg,0
15506.jpg,3
13810.jpg,4
22303.jpg,3
23670.jpg,1
18257.jpg,4
4422.jpg,5
17746.jpg,2
23966.jpg,0
11935.jpg,2
21899.jpg,5
7244.jpg,0
212.jpg,5
18910.jpg,4
5549.jpg,2
3846.jpg,1
2899.jpg,0
15046.jpg,5
17340.jpg,2
24318.jpg,5
16849.jpg,5
5031.jpg,1
9331.jpg,5
5659.jpg,3
6348.jpg,1
8989.jpg,0
4674.jpg,4
17871.jpg,3
18530.jpg,5
7611.jpg,1
16119.jpg,1
19682.jpg,4
7866.jpg,4
15253.jpg,5
4169.jpg,3
5380.jpg,4
18617.jpg,2
2696.jpg,5
17929.jpg,1
1727.jpg,0
9870.jpg,2
22224.jpg,5
1783.jpg,5
14083.jpg,2
16995.jpg,1
1801.jpg,4
21351.jpg,2
18684.jpg,3
13513.jpg,1
23561.jpg,3
565.jpg,1
16275.jpg,5
1688.jpg,4
23921.jpg,2
14862.jpg,2
8758.jpg,1
6351.jpg,3
24069.jpg,3
2007.jpg,0
14293.jpg,5
14251.jpg,0
15900.jpg,1
20548.jpg,4
14463.jpg,3
2789.jpg,3
4168.jpg,5
9384.jpg,3
9052.jpg,5
7707.jpg,4
16576.jpg,3
15642.jpg,4
5888.jpg,3
13684.jpg,2
3246.jpg,2
11789.jpg,1
12516.jpg,1
12269.jpg,5
22498.jpg,3
7513.jpg,0
10638.jpg,5
2351.jpg,2
3887.jpg,3
21548.jpg,0
6399.jpg,1
13055.jpg,1
17351.jpg,0
8158.jpg,5
22783.jpg,3
3421.jpg,4
22922.jpg,1
18488.jpg,3
6403.jpg,2
12920.jpg,1
3176.jpg,5
19064.jpg,4
2685.jpg,5
10885.jpg,2
3187.jpg,0
10414.jpg,0
18126.jpg,2
10100.jpg,3
19254.jpg,2
12422.jpg,2
10069.jpg,4
20957.jpg,4
13224.jpg,3
13269.jpg,2
9614.jpg,3
38.jpg,2
17874.jpg,2
609.jpg,1
17720.jpg,1
23500.jpg,2
11013.jpg,4
17213.jpg,0
16722.jpg,3
17774.jpg,0
895.jpg,2
8030.jpg,3
21742.jpg,3
2576.jpg,2
6491.jpg,2
3966.jpg,3
11318.jpg,4
13913.jpg,5
593.jpg,2
16840.jpg,5
2355.jpg,3
4490.jpg,2
14166.jpg,5
6484.jpg,1
9121.jpg,4
20877.jpg,1
11686.jpg,3
268.jpg,5
17489.jpg,3
21963.jpg,2
3975.jpg,3
21928.jpg,3
21848.jpg,2
13192.jpg,1
16313.jpg,1
2009.jpg,4
17762.jpg,5
17858.jpg,5
15891.jpg,2
19157.jpg,0
11968.jpg,5
5130.jpg,0
19315.jpg,3
1694.jpg,2
7117.jpg,1
14222.jpg,0
1279.jpg,0
20973.jpg,5
18333.jpg,1
23828.jpg,3
13448.jpg,1
185.jpg,3
10481.jpg,1
5450.jpg,3
926.jpg,2
15578.jpg,2
3710.jpg,5
2750.jpg,1
19395.jpg,3
19634.jpg,4
21953.jpg,0
20097.jpg,2
21208.jpg,3
13398.jpg,4
7028.jpg,5
21590.jpg,0
9028.jpg,3
24092.jpg,3
18688.jpg,3
17281.jpg,3
5232.jpg,4
16461.jpg,1
18610.jpg,5
23335.jpg,1
6069.jpg,0
19870.jpg,5
17377.jpg,5
3179.jpg,3
23914.jpg,1
18174.jpg,5
1624.jpg,4
22285.jpg,1
21147.jpg,0
9470.jpg,3
22791.jpg,4
22044.jpg,2
19902.jpg,0
17219.jpg,0
22561.jpg,4
3646.jpg,0
2521.jpg,0
14759.jpg,1
12072.jpg,5
13744.jpg,5
5429.jpg,0
3942.jpg,1
13550.jpg,4
24048.jpg,4
5560.jpg,0
9471.jpg,0
16403.jpg,0
1084.jpg,0
16632.jpg,2
17079.jpg,4
8398.jpg,2
8426.jpg,1
14476.jpg,1
3167.jpg,4
16300.jpg,0
4603.jpg,4
16127.jpg,0
23811.jpg,3
12854.jpg,3
1187.jpg,4
23732.jpg,2
20736.jpg,0
13299.jpg,2
4811.jpg,4
17365.jpg,1
3414.jpg,0
4706.jpg,0
5497.jpg,1
3326.jpg,3
12453.jpg,4
21202.jpg,3
13558.jpg,2
8290.jpg,4
12289.jpg,1
18259.jpg,0
6198.jpg,3
8164.jpg,4
11356.jpg,3
9508.jpg,3
15149.jpg,4
4367.jpg,5
5562.jpg,4
10169.jpg,5
18871.jpg,2
15917.jpg,3
839.jpg,3
21661.jpg,0
14113.jpg,3
11900.jpg,5
11105.jpg,1
362.jpg,2
15004.jpg,5
23572.jpg,3
20667.jpg,5
23146.jpg,5
13150.jpg,1
13291.jpg,2
15333.jpg,2
23654.jpg,5
6189.jpg,4
13606.jpg,4
15302.jpg,3
24191.jpg,2
17950.jpg,1
22968.jpg,5
3338.jpg,2
6437.jpg,5
17448.jpg,1
18987.jpg,2
2363.jpg,1
20203.jpg,4
13260.jpg,3
2398.jpg,0
598.jpg,4
21332.jpg,4
221.jpg,3
6644.jpg,1
5796.jpg,0
24038.jpg,1
17565.jpg,3
20102.jpg,1
4594.jpg,1
21606.jpg,1
6211.jpg,0
3772.jpg,3
5475.jpg,3
19219.jpg,1
11175.jpg,5
15492.jpg,0
23544.jpg,2
6630.jpg,4
9795.jpg,0
13837.jpg,3
15834.jpg,0
24079.jpg,3
9170.jpg,1
22305.jpg,5
19172.jpg,4
1387.jpg,0
18768.jpg,4
9438.jpg,3
19792.jpg,2
2542.jpg,2
2779.jpg,1
21223.jpg,3
12586.jpg,3
8476.jpg,1
9975.jpg,2
8997.jpg,3
17943.jpg,5
6529.jpg,1
13778.jpg,3
3390.jpg,2
22729.jpg,0
2383.jpg,5
15340.jpg,5
2682.jpg,1
12554.jpg,2
19258.jpg,1
9255.jpg,3
5213.jpg,5
14666.jpg,0
24202.jpg,2
11547.jpg,1
6461.jpg,0
20462.jpg,5
7957.jpg,0
6121.jpg,4
15114.jpg,1
23494.jpg,2
4449.jpg,5
3289.jpg,3
8483.jpg,3
12419.jpg,5
14779.jpg,3
22485.jpg,4
21178.jpg,0
21438.jpg,1
2637.jpg,2
19234.jpg,4
22909.jpg,5
4305.jpg,4
15929.jpg,0
408.jpg,2
1737.jpg,0
15083.jpg,5
17037.jpg,3
4453.jpg,5
4411.jpg,1
9469.jpg,4
23482.jpg,4
4395.jpg,4
9791.jpg,3
11564.jpg,5
14737.jpg,1
7925.jpg,3
22975.jpg,0
1070.jpg,1
24157.jpg,3
2060.jpg,1
4743.jpg,5
11738.jpg,2
3186.jpg,3
21760.jpg,0
14211.jpg,2
2011.jpg,1
19117.jpg,0
19628.jpg,0
22081.jpg,3
2611.jpg,5
9082.jpg,0
8865.jpg,3
6521.jpg,1
21451.jpg,1
15888.jpg,5
6916.jpg,2
11729.jpg,2
5896.jpg,4
10890.jpg,3
7489.jpg,2
15933.jpg,3
10748.jpg,1
13972.jpg,1
8315.jpg,5
6692.jpg,3
10964.jpg,2
7661.jpg,0
3059.jpg,5
8017.jpg,2
10427.jpg,3
4990.jpg,1
23960.jpg,3
15648.jpg,5
646.jpg,3
7422.jpg,2
22402.jpg,0
278.jpg,0
918.jpg,3
16110.jpg,2
9204.jpg,3
16462.jpg,4
17392.jpg,2
20707.jpg,4
10755.jpg,1
19046.jpg,5
19842.jpg,1
12911.jpg,1
15200.jpg,2
13410.jpg,0
1428.jpg,3
6857.jpg,2
1945.jpg,1
22352.jpg,3
12351.jpg,4
7991.jpg,4
9386.jpg,0
16918.jpg,0
20943.jpg,5
13381.jpg,5
17046.jpg,2
5288.jpg,4
21523.jpg,3
10939.jpg,3
15129.jpg,0
19629.jpg,1
6255.jpg,3
1072.jpg,4
5005.jpg,4
4636.jpg,2
13467.jpg,4
8642.jpg,4
14414.jpg,3
11172.jpg,3
10342.jpg,4
10999.jpg,5
17160.jpg,3
1414.jpg,1
3633.jpg,3
19539.jpg,0
15357.jpg,2
17828.jpg,3
9730.jpg,3
802.jpg,3
13598.jpg,3
2832.jpg,3
7177.jpg,3
14520.jpg,2
10409.jpg,3
16210.jpg,5
6108.jpg,3
22530.jpg,3
21509.jpg,0
16713.jpg,0
15021.jpg,1
24303.jpg,5
12278.jpg,5
17861.jpg,2
6459.jpg,0
9336.jpg,3
7067.jpg,2
14977.jpg,1
22918.jpg,5
13015.jpg,3
24042.jpg,0
24144.jpg,2
11073.jpg,0
23730.jpg,2
8316.jpg,0
17414.jpg,2
18315.jpg,5
12361.jpg,3
14241.jpg,1
17203.jpg,4
20632.jpg,4
7676.jpg,2
23020.jpg,2
10401.jpg,3
21692.jpg,1
14801.jpg,3
3910.jpg,2
13042.jpg,3
9849.jpg,4
18611.jpg,5
2030.jpg,5
6181.jpg,4
23913.jpg,3
996.jpg,3
1427.jpg,5
11822.jpg,4
22840.jpg,3
24307.jpg,3
15172.jpg,4
10277.jpg,5
1949.jpg,4
4350.jpg,4
19021.jpg,4
10737.jpg,5
23480.jpg,4
24289.jpg,2
14678.jpg,0
13576.jpg,4
11580.jpg,0
8142.jpg,0
20295.jpg,0
5409.jpg,0
7682.jpg,3
17556.jpg,3
4336.jpg,1
2217.jpg,5
2650.jpg,4
8839.jpg,3
10059.jpg,1
21642.jpg,5
4246.jpg,0
13949.jpg,5
3672.jpg,2
18979.jpg,3
15712.jpg,0
17280.jpg,2
22757.jpg,0
16063.jpg,3
2585.jpg,0
2583.jpg,4
19436.jpg,1
8759.jpg,2
11972.jpg,0
13255.jpg,1
1965.jpg,1
5979.jpg,3
11208.jpg,1
19479.jpg,4
18406.jpg,3
23054.jpg,0
11391.jpg,3
18734.jpg,1
5956.jpg,0
3285.jpg,2
12606.jpg,1
5366.jpg,2
21628.jpg,2
15342.jpg,4
13341.jpg,3
14511.jpg,3
23605.jpg,3
19082.jpg,0
7983.jpg,2
12022.jpg,2
1456.jpg,2
23546.jpg,3
1470.jpg,4
3725.jpg,2
20789.jpg,0
15746.jpg,3
5473.jpg,0
19006.jpg,1
18019.jpg,1
3407.jpg,0
8072.jpg,0
3127.jpg,3
11422.jpg,2
15918.jpg,4
4802.jpg,2
6885.jpg,4
12921.jpg,5
23000.jpg,3
11832.jpg,1
16601.jpg,3
1150.jpg,5
19060.jpg,5
4662.jpg,5
1313.jpg,5
1283.jpg,2
20656.jpg,2
21487.jpg,3
15161.jpg,2
21189.jpg,1
18607.jpg,5
20790.jpg,0
10321.jpg,0
8310.jpg,0
2024.jpg,0
19059.jpg,0
10587.jpg,5
4740.jpg,0
8321.jpg,0
23197.jpg,1
7100.jpg,2
2525.jpg,3
9175.jpg,4
12095.jpg,2
13329.jpg,0
9638.jpg,0
1545.jpg,3
20349.jpg,5
1704.jpg,1
3753.jpg,4
21508.jpg,5
4572.jpg,5
16446.jpg,4
7830.jpg,2
23831.jpg,4
9854.jpg,1
18778.jpg,5
21252.jpg,1
15170.jpg,0
6234.jpg,4
7419.jpg,1
17195.jpg,3
9949.jpg,1
19128.jpg,1
17398.jpg,5
16140.jpg,1
7335.jpg,4
4823.jpg,4
10244.jpg,4
3418.jpg,2
7857.jpg,0
16329.jpg,3
21652.jpg,1
19155.jpg,4
12362.jpg,5
12012.jpg,5
22466.jpg,5
818.jpg,2
10419.jpg,2
5596.jpg,0
23539.jpg,0
9371.jpg,4
24164.jpg,3
12275.jpg,5
18713.jpg,2
24105.jpg,3
19658.jpg,4
5106.jpg,4
15830.jpg,0
20578.jpg,5
23615.jpg,4
16687.jpg,2
22684.jpg,1
21420.jpg,1
21629.jpg,5
21193.jpg,2
22693.jpg,1
3656.jpg,1
21403.jpg,2
23863.jpg,3
22142.jpg,2
20758.jpg,1
4610.jpg,2
13591.jpg,1
13807.jpg,1
8326.jpg,0
18985.jpg,3
17294.jpg,3
630.jpg,4
15527.jpg,5
23206.jpg,5
14204.jpg,3
4415.jpg,2
10561.jpg,1
13230.jpg,3
11462.jpg,3
10817.jpg,5
1026.jpg,1
6185.jpg,0
3855.jpg,3
21070.jpg,1
13022.jpg,3
4447.jpg,5
18069.jpg,0
8149.jpg,4
17100.jpg,1
9197.jpg,0
11191.jpg,5
16698.jpg,4
10366.jpg,4
14664.jpg,5
13708.jpg,5
20034.jpg,3
17460.jpg,4
22361.jpg,3
4583.jpg,5
11067.jpg,3
10764.jpg,5
6875.jpg,0
7685.jpg,4
6297.jpg,4
905.jpg,3
7376.jpg,5
10127.jpg,4
20569.jpg,3
21757.jpg,3
9453.jpg,5
20381.jpg,0
9030.jpg,3
16361.jpg,3
2329.jpg,0
7583.jpg,4
4926.jpg,2
23787.jpg,5
5756.jpg,5
5800.jpg,5
22454.jpg,3
8240.jpg,2
11778.jpg,4
8892.jpg,2
9858.jpg,1
15452.jpg,2
20500.jpg,2
20791.jpg,3
8625.jpg,3
12484.jpg,5
21160.jpg,3
13116.jpg,3
15772.jpg,0
6581.jpg,0
10879.jpg,1
4919.jpg,1
15431.jpg,2
5765.jpg,1
2208.jpg,1
2299.jpg,0
4023.jpg,4
734.jpg,0
16758.jpg,5
12026.jpg,2
20849.jpg,0
6435.jpg,1
487.jpg,4
9237.jpg,0
23025.jpg,2
15040.jpg,2
18004.jpg,0
14800.jpg,2
1294.jpg,3
17266.jpg,4
21180.jpg,4
4609.jpg,5
16924.jpg,0
9617.jpg,2
1724.jpg,0
12936.jpg,5
2190.jpg,5
19880.jpg,2
736.jpg,0
19382.jpg,2
18504.jpg,1
18649.jpg,3
12057.jpg,0
10701.jpg,2
12960.jpg,5
15193.jpg,3
9920.jpg,2
7468.jpg,5
1337.jpg,0
2561.jpg,3
1889.jpg,3
2906.jpg,0
4680.jpg,1
12115.jpg,5
21795.jpg,3
19278.jpg,2
413.jpg,4
3250.jpg,2
2801.jpg,2
16724.jpg,2
12851.jpg,4
10830.jpg,5
902.jpg,5
15081.jpg,2
4586.jpg,3
20787.jpg,4
22529.jpg,0
1655.jpg,5
9020.jpg,4
6350.jpg,2
2783.jpg,1
830.jpg,3
2424.jpg,5
4324.jpg,5
23671.jpg,1
21165.jpg,4
19481.jpg,2
14493.jpg,2
10302.jpg,2
23983.jpg,3
15351.jpg,2
5991.jpg,3
15723.jpg,5
5889.jpg,5
21532.jpg,2
9976.jpg,2
20755.jpg,1
18377.jpg,0
14877.jpg,0
21283.jpg,2
10875.jpg,2
12036.jpg,0
740.jpg,0
13290.jpg,2
23078.jpg,5
3146.jpg,1
19984.jpg,3
9572.jpg,1
13434.jpg,2
5854.jpg,4
12350.jpg,4
22901.jpg,5
22762.jpg,5
21622.jpg,0
20850.jpg,3
19232.jpg,5
23426.jpg,0
20015.jpg,2
2130.jpg,1
13869.jpg,5
16056.jpg,3
1876.jpg,0
13547.jpg,4
1906.jpg,5
1814.jpg,1
73.jpg,0
23449.jpg,3
14998.jpg,3
9700.jpg,1
16415.jpg,4
13256.jpg,4
2364.jpg,5
19654.jpg,0
15031.jpg,0
13243.jpg,2
19606.jpg,4
7403.jpg,1
14320.jpg,2
15241.jpg,4
16957.jpg,2
17147.jpg,3
10823.jpg,0
14983.jpg,0
20499.jpg,4
12833.jpg,4
20050.jpg,5
691.jpg,0
19890.jpg,3
16401.jpg,3
18357.jpg,0
5651.jpg,5
17862.jpg,4
10079.jpg,5
14859.jpg,3
18379.jpg,2
9590.jpg,2
7187.jpg,1
6059.jpg,5
22946.jpg,0
23378.jpg,0
8551.jpg,0
13646.jpg,0
16639.jpg,5
11155.jpg,2
21457.jpg,1
9876.jpg,2
22010.jpg,3
22489.jpg,0
11411.jpg,5
18183.jpg,2
17253.jpg,2
4448.jpg,5
527.jpg,3
7473.jpg,1
24134.jpg,2
10005.jpg,3
23198.jpg,2
15840.jpg,5
5427.jpg,1
745.jpg,0
13607.jpg,2
425.jpg,3
10807.jpg,5
21324.jpg,5
12373.jpg,3
3577.jpg,4
17870.jpg,2
17863.jpg,5
10906.jpg,5
5839.jpg,5
19744.jpg,2
16634.jpg,5
8440.jpg,4
7109.jpg,0
410.jpg,2
6116.jpg,5
6361.jpg,0
17288.jpg,0
13968.jpg,0
7213.jpg,5
22049.jpg,2
7794.jpg,3
5146.jpg,0
7934.jpg,2
11079.jpg,4
12080.jpg,0
22750.jpg,5
10557.jpg,3
20180.jpg,3
23184.jpg,3
23720.jpg,4
17148.jpg,4
18583.jpg,5
5646.jpg,4
17247.jpg,2
227.jpg,4
2034.jpg,4
7878.jpg,2
4843.jpg,2
21902.jpg,2
13340.jpg,4
20213.jpg,0
12184.jpg,5
18148.jpg,1
14248.jpg,4
11805.jpg,5
22292.jpg,1
3466.jpg,5
11853.jpg,2
12124.jpg,0
6476.jpg,1
4646.jpg,0
5827.jpg,3
17289.jpg,1
22248.jpg,2
23403.jpg,1
22937.jpg,5
13727.jpg,3
15314.jpg,4
23940.jpg,5
22041.jpg,0
7183.jpg,2
19672.jpg,0
1202.jpg,2
5103.jpg,1
18395.jpg,3
7736.jpg,0
11104.jpg,5
4222.jpg,3
11766.jpg,3
6546.jpg,2
19208.jpg,2
12285.jpg,1
20434.jpg,4
2033.jpg,1
507.jpg,1
3970.jpg,3
8729.jpg,1
3805.jpg,2
2577.jpg,0
1451.jpg,1
7887.jpg,3
24225.jpg,5
17869.jpg,1
22715.jpg,4
16541.jpg,0
8197.jpg,4
5068.jpg,0
22334.jpg,4
11101.jpg,1
20839.jpg,2
20368.jpg,2
18623.jpg,4
544.jpg,4
18673.jpg,2
5857.jpg,5
17659.jpg,5
896.jpg,3
15896.jpg,0
3374.jpg,1
22108.jpg,3
23558.jpg,5
20145.jpg,3
5995.jpg,5
12683.jpg,0
20914.jpg,5
11885.jpg,5
6300.jpg,2
16117.jpg,5
21295.jpg,3
5609.jpg,0
16129.jpg,4
13407.jpg,0
18662.jpg,3
4632.jpg,5
8052.jpg,2
9747.jpg,4
11153.jpg,2
8680.jpg,2
420.jpg,3
4668.jpg,4
8258.jpg,4
22622.jpg,1
23412.jpg,3
2067.jpg,0
2213.jpg,2
8946.jpg,2
17859.jpg,4
11386.jpg,4
20339.jpg,5
19681.jpg,5
6693.jpg,0
21132.jpg,2
10734.jpg,1
5430.jpg,4
513.jpg,0
7521.jpg,3
21330.jpg,1
7182.jpg,4
17316.jpg,2
15350.jpg,2
14963.jpg,3
20744.jpg,1
13447.jpg,3
5361.jpg,5
15979.jpg,4
23394.jpg,4
12828.jpg,2
24012.jpg,5
458.jpg,0
5953.jpg,5
11792.jpg,0
23840.jpg,0
135.jpg,4
22787.jpg,2
12017.jpg,0
17428.jpg,4
3254.jpg,3
19568.jpg,5
23140.jpg,2
19048.jpg,0
14730.jpg,0
18733.jpg,0
2373.jpg,0
3897.jpg,5
19610.jpg,2
2141.jpg,5
629.jpg,3
10017.jpg,3
12628.jpg,3
19914.jpg,4
22751.jpg,5
13109.jpg,3
2490.jpg,3
9435.jpg,3
8508.jpg,2
11874.jpg,5
1920.jpg,0
10287.jpg,1
21713.jpg,4
10356.jpg,0
12774.jpg,2
4660.jpg,4
471.jpg,2
15177.jpg,5
19366.jpg,5
18728.jpg,0
1671.jpg,1
9823.jpg,0
17016.jpg,1
13814.jpg,4
23506.jpg,2
3652.jpg,3
1897.jpg,3
2778.jpg,4
15969.jpg,4
9954.jpg,4
22430.jpg,1
21270.jpg,4
4282.jpg,5
2146.jpg,4
7013.jpg,4
12844.jpg,4
11.jpg,2
19079.jpg,5
14302.jpg,1
8770.jpg,0
15066.jpg,2
738.jpg,3
23354.jpg,0
21830.jpg,3
7640.jpg,3
10307.jpg,2
23823.jpg,3
7467.jpg,4
16235.jpg,2
17303.jpg,1
19671.jpg,4
22507.jpg,5
4236.jpg,1
16662.jpg,3
15101.jpg,3
10839.jpg,2
20701.jpg,3
20610.jpg,2
3065.jpg,5
608.jpg,0
17134.jpg,0
18653.jpg,4
4853.jpg,2
6451.jpg,3
22069.jpg,1
22798.jpg,2
3681.jpg,4
17908.jpg,1
17752.jpg,1
8814.jpg,4
18066.jpg,5
130.jpg,4
21071.jpg,4
16384.jpg,4
328.jpg,3
15619.jpg,4
19998.jpg,2
9996.jpg,5
23767.jpg,3
15643.jpg,1
20196.jpg,5
7266.jpg,2
302.jpg,0
18847.jpg,3
20193.jpg,0
6077.jpg,2
2452.jpg,4
21265.jpg,5
20128.jpg,5
16428.jpg,2
15417.jpg,5
152.jpg,1
13929.jpg,4
11912.jpg,4
14775.jpg,2
11617.jpg,1
1815.jpg,3
15312.jpg,0
8325.jpg,3
23092.jpg,3
23467.jpg,1
14417.jpg,3
16465.jpg,0
3022.jpg,4
10391.jpg,3
3581.jpg,2
12356.jpg,2
23618.jpg,3
8753.jpg,0
9391.jpg,3
6556.jpg,1
21815.jpg,0
18750.jpg,3
9505.jpg,3
23077.jpg,3
6811.jpg,2
22323.jpg,4
7186.jpg,4
4198.jpg,5
3043.jpg,4
9995.jpg,1
3097.jpg,2
21823.jpg,1
10649.jpg,4
4108.jpg,0
7613.jpg,0
7050.jpg,0
10769.jpg,0
1053.jpg,0
15010.jpg,5
23440.jpg,1
5856.jpg,0
21388.jpg,2
22482.jpg,0
21588.jpg,0
7680.jpg,3
10377.jpg,4
15244.jpg,0
1264.jpg,1
2872.jpg,1
3011.jpg,1
11454.jpg,3
12979.jpg,5
16360.jpg,4
22828.jpg,3
2841.jpg,0
6733.jpg,2
13100.jpg,3
6376.jpg,5
11958.jpg,1
6777.jpg,5
9900.jpg,2
3576.jpg,2
1136.jpg,4
8646.jpg,5
12045.jpg,1
7650.jpg,1
6650.jpg,5
14614.jpg,4
6410.jpg,1
11353.jpg,3
22023.jpg,5
2861.jpg,4
14815.jpg,0
17681.jpg,1
23722.jpg,1
7094.jpg,4
23740.jpg,5
8226.jpg,5
14424.jpg,4
9513.jpg,2
14068.jpg,4
5061.jpg,5
21773.jpg,2
21267.jpg,1
17082.jpg,0
16846.jpg,2
5000.jpg,5
8464.jpg,4
23742.jpg,2
6701.jpg,5
379.jpg,5
4242.jpg,3
2766.jpg,4
17133.jpg,3
17696.jpg,1
2119.jpg,1
13964.jpg,3
4035.jpg,4
8491.jpg,5
13580.jpg,5
9735.jpg,0
5847.jpg,3
2305.jpg,1
5126.jpg,4
9786.jpg,4
9565.jpg,3
23847.jpg,4
8560.jpg,2
9844.jpg,3
13512.jpg,2
19034.jpg,3
24243.jpg,3
12486.jpg,2
19201.jpg,1
3483.jpg,0
13031.jpg,1
4542.jpg,5
3013.jpg,2
19042.jpg,2
8157.jpg,2
23485.jpg,1
20205.jpg,1
1071.jpg,4
7729.jpg,5
653.jpg,5
18414.jpg,4
16169.jpg,0
6957.jpg,5
5022.jpg,4
22013.jpg,2
21809.jpg,4
4787.jpg,3
8505.jpg,2
1929.jpg,0
10168.jpg,2
2955.jpg,0
4291.jpg,5
1627.jpg,0
19997.jpg,5
13724.jpg,3
6788.jpg,4
23621.jpg,3
1334.jpg,4
23264.jpg,1
21335.jpg,3
15490.jpg,1
4995.jpg,0
15881.jpg,4
23904.jpg,5
16299.jpg,4
15388.jpg,3
12670.jpg,3
9177.jpg,0
4396.jpg,5
14557.jpg,0
7210.jpg,5
4894.jpg,3
833.jpg,3
7554.jpg,0
622.jpg,3
8361.jpg,1
1983.jpg,1
17829.jpg,3
19790.jpg,1
9865.jpg,3
6571.jpg,4
6041.jpg,1
23056.jpg,1
19341.jpg,3
16685.jpg,3
23258.jpg,3
17167.jpg,5
23323.jpg,0
4245.jpg,2
19725.jpg,4
22122.jpg,2
9084.jpg,1
79.jpg,5
16351.jpg,1
22429.jpg,0
9110.jpg,5
8967.jpg,4
19620.jpg,3
17177.jpg,1
22480.jpg,4
17493.jpg,5
4424.jpg,5
10434.jpg,2
17620.jpg,3
6497.jpg,3
21585.jpg,1
1948.jpg,1
22477.jpg,5
19475.jpg,0
797.jpg,0
12062.jpg,3
8282.jpg,3
18326.jpg,5
14530.jpg,0
2051.jpg,0
7619.jpg,3
6291.jpg,3
5502.jpg,2
10395.jpg,5
14201.jpg,0
13454.jpg,5
13950.jpg,5
2701.jpg,2
14484.jpg,3
12869.jpg,2
1985.jpg,3
9509.jpg,4
11194.jpg,5
21211.jpg,0
1752.jpg,5
17084.jpg,5
10339.jpg,4
22319.jpg,5
5458.jpg,5
11485.jpg,3
18179.jpg,4
14899.jpg,0
4772.jpg,4
1355.jpg,4
875.jpg,2
5466.jpg,2
4325.jpg,2
4013.jpg,0
17400.jpg,5
1839.jpg,3
13399.jpg,0
16934.jpg,2
6835.jpg,3
8546.jpg,1
9437.jpg,4
7761.jpg,3
2245.jpg,1
13087.jpg,0
13566.jpg,3
22601.jpg,0
10209.jpg,1
9792.jpg,0
14954.jpg,5
2761.jpg,0
10437.jpg,5
4105.jpg,3
20009.jpg,0
18509.jpg,3
21931.jpg,2
17369.jpg,5
20506.jpg,2
3212.jpg,5
16779.jpg,2
9661.jpg,1
7519.jpg,3
614.jpg,5
4842.jpg,4
6500.jpg,5
7923.jpg,2
21474.jpg,1
1467.jpg,2
16475.jpg,0
3986.jpg,5
13704.jpg,3
16542.jpg,3
11038.jpg,0
14101.jpg,5
17976.jpg,1
12334.jpg,2
14895.jpg,2
14120.jpg,1
6058.jpg,5
20865.jpg,5
11308.jpg,3
10173.jpg,5
23379.jpg,4
1452.jpg,3
12778.jpg,4
15863.jpg,1
4614.jpg,5
2794.jpg,5
16678.jpg,5
911.jpg,3
1197.jpg,1
9001.jpg,4
18850.jpg,2
17185.jpg,2
7778.jpg,2
5336.jpg,0
11907.jpg,3
4993.jpg,1
10400.jpg,3
17899.jpg,0
21515.jpg,2
5179.jpg,5
7988.jpg,1
6251.jpg,1
4804.jpg,2
20169.jpg,2
15077.jpg,1
9654.jpg,4
5010.jpg,4
21048.jpg,0
19575.jpg,2
3112.jpg,4
6622.jpg,1
19062.jpg,2
10445.jpg,1
14718.jpg,4
15975.jpg,1
1444.jpg,1
8652.jpg,1
7766.jpg,0
12377.jpg,5
11103.jpg,2
3595.jpg,3
6715.jpg,4
14735.jpg,0
3474.jpg,0
16379.jpg,5
23706.jpg,5
19797.jpg,3
11529.jpg,2
6010.jpg,3
11572.jpg,5
5945.jpg,2
16337.jpg,3
14688.jpg,2
16993.jpg,2
14811.jpg,1
9113.jpg,2
17728.jpg,4
21370.jpg,4
11916.jpg,4
9268.jpg,2
7782.jpg,4
3907.jpg,4
10674.jpg,3
225.jpg,3
19597.jpg,5
10768.jpg,1
1419.jpg,3
23768.jpg,1
22605.jpg,5
12390.jpg,2
274.jpg,4
16102.jpg,1
7486.jpg,5
3002.jpg,5
18188.jpg,2
924.jpg,3
6209.jpg,2
22348.jpg,1
5374.jpg,3
15829.jpg,2
11230.jpg,4
4799.jpg,4
4296.jpg,5
913.jpg,5
13088.jpg,4
2275.jpg,4
22002.jpg,4
19269.jpg,4
17880.jpg,2
13867.jpg,4
5689.jpg,3
7280.jpg,0
19637.jpg,4
6134.jpg,2
7305.jpg,5
19414.jpg,1
987.jpg,5
6863.jpg,3
20399.jpg,1
18695.jpg,2
5070.jpg,1
5394.jpg,2
2689.jpg,2
6751.jpg,4
16958.jpg,1
22607.jpg,2
561.jpg,2
23545.jpg,1
645.jpg,5
9915.jpg,0
20964.jpg,2
16635.jpg,5
5293.jpg,1
8085.jpg,0
14528.jpg,1
16396.jpg,5
21039.jpg,0
4328.jpg,5
211.jpg,4
14806.jpg,2
9775.jpg,2
10675.jpg,0
12980.jpg,2
6965.jpg,2
16854.jpg,2
3486.jpg,0
7534.jpg,4
19561.jpg,0
9556.jpg,2
10591.jpg,0
5826.jpg,3
21268.jpg,4
5408.jpg,5
13316.jpg,0
6931.jpg,0
20251.jpg,1
18169.jpg,4
15922.jpg,2
17376.jpg,1
11962.jpg,1
13712.jpg,5
2408.jpg,1
16782.jpg,1
8574.jpg,1
3068.jpg,3
18228.jpg,0
8894.jpg,2
23330.jpg,3
6682.jpg,5
7211.jpg,3
2483.jpg,5
18760.jpg,4
14611.jpg,4
18619.jpg,2
20503.jpg,3
6318.jpg,4
10096.jpg,3
7082.jpg,4
7230.jpg,1
5640.jpg,5
15916.jpg,0
21748.jpg,3
9887.jpg,3
5581.jpg,5
2403.jpg,0
13975.jpg,2
5527.jpg,1
6822.jpg,0
5999.jpg,1
16787.jpg,3
18698.jpg,3
13252.jpg,2
6090.jpg,5
20997.jpg,5
10425.jpg,4
4432.jpg,4
24188.jpg,0
244.jpg,0
24326.jpg,1
8272.jpg,5
17592.jpg,3
76.jpg,3
15836.jpg,1
9254.jpg,3
16089.jpg,0
18497.jpg,0
20429.jpg,0
5421.jpg,3
7663.jpg,1
6453.jpg,2
10897.jpg,2
8968.jpg,0
2551.jpg,1
19149.jpg,3
8305.jpg,5
14982.jpg,0
11517.jpg,1
12816.jpg,5
18961.jpg,2
4204.jpg,2
23202.jpg,4
6320.jpg,0
6462.jpg,3
2473.jpg,4
5227.jpg,1
1951.jpg,0
4073.jpg,4
23763.jpg,5
2545.jpg,0
832.jpg,3
12271.jpg,0
7974.jpg,0
560.jpg,1
6536.jpg,1
19767.jpg,0
10652.jpg,3
20469.jpg,2
21616.jpg,0
12830.jpg,1
15349.jpg,2
2026.jpg,4
2813.jpg,4
1176.jpg,0
2084.jpg,5
14119.jpg,4
12835.jpg,0
20155.jpg,3
21331.jpg,2
7433.jpg,4
15524.jpg,0
4588.jpg,4
12180.jpg,1
1769.jpg,2
10282.jpg,2
21111.jpg,2
13986.jpg,1
19968.jpg,1
117.jpg,5
10439.jpg,2
4021.jpg,5
6164.jpg,0
4519.jpg,5
3696.jpg,2
8935.jpg,5
22803.jpg,0
6604.jpg,1
19392.jpg,3
17623.jpg,5
10458.jpg,1
13176.jpg,3
21493.jpg,2
6250.jpg,3
12037.jpg,1
1109.jpg,5
7472.jpg,1
4353.jpg,3
15139.jpg,2
198.jpg,3
20239.jpg,2
16737.jpg,1
8649.jpg,0
1882.jpg,3
14508.jpg,3
23352.jpg,3
14369.jpg,4
5265.jpg,0
17482.jpg,5
19632.jpg,3
2237.jpg,5
23399.jpg,4
7575.jpg,4
18609.jpg,0
14774.jpg,2
23994.jpg,3
4369.jpg,5
20149.jpg,2
16718.jpg,4
4698.jpg,2
626.jpg,3
1835.jpg,3
13345.jpg,1
20217.jpg,4
7394.jpg,3
2522.jpg,1
21398.jpg,3
1649.jpg,3
2553.jpg,5
22873.jpg,2
14501.jpg,3
3720.jpg,2
21051.jpg,4
12302.jpg,4
22463.jpg,5
3042.jpg,1
1525.jpg,4
951.jpg,3
16816.jpg,5
8008.jpg,3
9272.jpg,4
13772.jpg,5
23357.jpg,4
20248.jpg,5
11025.jpg,2
14819.jpg,0
15278.jpg,5
20437.jpg,4
17188.jpg,5
21015.jpg,1
9098.jpg,0
24089.jpg,3
19850.jpg,5
4416.jpg,1
10021.jpg,1
17813.jpg,2
222.jpg,0
9031.jpg,3
20043.jpg,2
319.jpg,3
5740.jpg,0
4719.jpg,5
1276.jpg,0
1779.jpg,0
14618.jpg,4
3778.jpg,0
20391.jpg,5
23410.jpg,3
1247.jpg,2
20830.jpg,0
21010.jpg,4
4549.jpg,1
2860.jpg,2
18964.jpg,2
16347.jpg,4
12363.jpg,3
16120.jpg,2
17103.jpg,2
983.jpg,1
13578.jpg,5
23493.jpg,3
8011.jpg,1
6217.jpg,5
7407.jpg,0
16411.jpg,1
18181.jpg,0
8812.jpg,1
15788.jpg,2
22880.jpg,4
4207.jpg,2
3393.jpg,0
14350.jpg,1
8123.jpg,1
5509.jpg,3
13872.jpg,0
19690.jpg,0
16702.jpg,0
22365.jpg,0
17584.jpg,5
553.jpg,3
3996.jpg,3
21082.jpg,5
6547.jpg,4
21782.jpg,3
13894.jpg,2
7970.jpg,4
12812.jpg,2
18062.jpg,2
19246.jpg,3
10522.jpg,1
23397.jpg,1
8004.jpg,0
2514.jpg,3
8593.jpg,2
23066.jpg,0
4683.jpg,2
13974.jpg,5
23569.jpg,1
14945.jpg,2
12970.jpg,5
2501.jpg,3
3335.jpg,3
9624.jpg,5
23523.jpg,1
12643.jpg,4
2632.jpg,1
7104.jpg,0
17159.jpg,4
15964.jpg,4
21521.jpg,1
8257.jpg,2
5723.jpg,5
18048.jpg,0
2035.jpg,1
16622.jpg,3
6808.jpg,5
21791.jpg,2
20420.jpg,4
1390.jpg,3
179.jpg,3
12867.jpg,2
15485.jpg,2
13912.jpg,0
21023.jpg,3
8423.jpg,5
10679.jpg,0
2359.jpg,5
1557.jpg,0
15365.jpg,2
8874.jpg,5
17218.jpg,4
10158.jpg,2
20463.jpg,3
22113.jpg,5
10498.jpg,2
10869.jpg,3
6228.jpg,3
8783.jpg,2
16373.jpg,5
9257.jpg,2
22773.jpg,0
21140.jpg,2
661.jpg,1
21429.jpg,3
15934.jpg,2
23199.jpg,2
7088.jpg,0
20956.jpg,0
8916.jpg,4
16967.jpg,2
17407.jpg,3
10726.jpg,1
12856.jpg,0
20481.jpg,4
2459.jpg,5
15403.jpg,2
8135.jpg,4
22904.jpg,0
2412.jpg,4
16449.jpg,5
327.jpg,3
9436.jpg,3
8665.jpg,4
24298.jpg,5
10960.jpg,0
8110.jpg,1
4443.jpg,3
12648.jpg,3
11930.jpg,3
16305.jpg,3
5665.jpg,2
12501.jpg,0
15688.jpg,4
5151.jpg,3
9314.jpg,1
11521.jpg,3
11222.jpg,4
23924.jpg,4
15849.jpg,0
4510.jpg,4
24227.jpg,2
1322.jpg,4
2128.jpg,0
11651.jpg,3
20547.jpg,1
1051.jpg,2
16964.jpg,3
19590.jpg,1
13865.jpg,1
18193.jpg,5
17382.jpg,2
11250.jpg,5
13073.jpg,5
921.jpg,1
16803.jpg,1
2488.jpg,0
21705.jpg,4
12112.jpg,2
19941.jpg,3
14901.jpg,0
15658.jpg,0
13619.jpg,4
3917.jpg,0
15895.jpg,1
15750.jpg,2
16045.jpg,3
21424.jpg,4
19074.jpg,0
11619.jpg,3
2129.jpg,4
4538.jpg,5
11839.jpg,1
17256.jpg,3
13441.jpg,1
709.jpg,3
15006.jpg,2
2028.jpg,2
4019.jpg,1
18939.jpg,4
18276.jpg,5
862.jpg,4
11370.jpg,5
18844.jpg,0
2920.jpg,2
21308.jpg,2
515.jpg,5
20110.jpg,4
12896.jpg,5
10270.jpg,4
5962.jpg,4
9027.jpg,4
21716.jpg,5
15002.jpg,5
14616.jpg,0
21550.jpg,3
13571.jpg,4
18981.jpg,4
2845.jpg,0
173.jpg,3
17804.jpg,0
12347.jpg,0
8144.jpg,1
15173.jpg,3
16530.jpg,3
5478.jpg,4
22206.jpg,1
10579.jpg,1
1822.jpg,0
21700.jpg,5
11527.jpg,5
7978.jpg,4
1653.jpg,3
23582.jpg,2
8951.jpg,2
7733.jpg,1
6559.jpg,5
12355.jpg,5
5376.jpg,3
14566.jpg,3
4272.jpg,5
20156.jpg,5
133.jpg,5
10860.jpg,5
388.jpg,0
11298.jpg,5
6739.jpg,5
10390.jpg,0
14006.jpg,3
14088.jpg,5
20280.jpg,4
23300.jpg,2
1534.jpg,3
3578.jpg,1
13325.jpg,4
9796.jpg,5
23439.jpg,4
1808.jpg,3
4285.jpg,1
20993.jpg,2
2102.jpg,0
6922.jpg,2
4315.jpg,3
4402.jpg,1
23824.jpg,3
19678.jpg,4
9026.jpg,5
9010.jpg,5
7690.jpg,4
119.jpg,2
10406.jpg,3
2367.jpg,0
720.jpg,1
14513.jpg,0
23121.jpg,0
11341.jpg,2
13963.jpg,3
1596.jpg,2
6688.jpg,2
10676.jpg,3
3609.jpg,0
4751.jpg,5
7516.jpg,3
13104.jpg,5
2530.jpg,5
7933.jpg,1
4157.jpg,4
885.jpg,2
16213.jpg,1
11890.jpg,5
4521.jpg,3
4885.jpg,3
11571.jpg,2
8057.jpg,4
12082.jpg,3
10101.jpg,4
4592.jpg,1
11299.jpg,2
3714.jpg,2
20990.jpg,5
16344.jpg,4
13751.jpg,0
6087.jpg,2
19611.jpg,4
9945.jpg,3
12975.jpg,4
19148.jpg,5
4043.jpg,3
21440.jpg,0
7964.jpg,0
20298.jpg,3
22445.jpg,3
19073.jpg,0
17779.jpg,4
22288.jpg,5
794.jpg,1
22418.jpg,0
1020.jpg,0
13555.jpg,4
22297.jpg,5
1211.jpg,2
23095.jpg,1
572.jpg,5
19174.jpg,5
22749.jpg,3
9543.jpg,0
18427.jpg,1
8405.jpg,2
23039.jpg,2
601.jpg,2
16940.jpg,3
11548.jpg,2
17487.jpg,1
7279.jpg,1
16760.jpg,1
8638.jpg,5
20244.jpg,3
2296.jpg,4
15552.jpg,4
5181.jpg,2
7740.jpg,2
7036.jpg,5
12537.jpg,4
14481.jpg,5
6749.jpg,5
14085.jpg,2
4405.jpg,5
20729.jpg,4
8678.jpg,5
22794.jpg,0
12961.jpg,0
16357.jpg,3
15563.jpg,1
2756.jpg,5
145.jpg,0
18703.jpg,1
13389.jpg,5
21636.jpg,2
11920.jpg,4
7242.jpg,2
14018.jpg,5
8651.jpg,4
4925.jpg,0
10090.jpg,0
17619.jpg,0
499.jpg,2
1581.jpg,3
5066.jpg,2
387.jpg,5
8082.jpg,3
3398.jpg,3
4180.jpg,5
10381.jpg,0
6950.jpg,0
5545.jpg,5
8068.jpg,0
15113.jpg,4
21520.jpg,1
10920.jpg,0
9909.jpg,2
8284.jpg,0
11695.jpg,3
11593.jpg,0
19050.jpg,5
15252.jpg,1
23132.jpg,5
5830.jpg,1
16819.jpg,3
11245.jpg,0
13883.jpg,5
3705.jpg,3
17816.jpg,2
20121.jpg,4
19729.jpg,1
7488.jpg,0
19330.jpg,0
12557.jpg,3
7310.jpg,3
20254.jpg,3
11817.jpg,3
9936.jpg,4
22793.jpg,0
21822.jpg,1
5552.jpg,4
3594.jpg,4
8059.jpg,5
21974.jpg,2
6218.jpg,5
12211.jpg,4
3174.jpg,1
11227.jpg,0
23820.jpg,2
21741.jpg,3
20086.jpg,3
22080.jpg,1
10232.jpg,2
5443.jpg,2
15902.jpg,2
18626.jpg,3
4195.jpg,4
20861.jpg,3
11566.jpg,0
4911.jpg,1
4298.jpg,0
13831.jpg,4
4094.jpg,5
7844.jpg,2
11971.jpg,0
18358.jpg,3
7783.jpg,5
3096.jpg,0
23029.jpg,5
15868.jpg,0
20681.jpg,3
9641.jpg,0
14829.jpg,4
12838.jpg,5
11919.jpg,5
18845.jpg,2
949.jpg,0
3301.jpg,5
638.jpg,2
13282.jpg,1
6574.jpg,4
15437.jpg,5
5619.jpg,2
13585.jpg,4
4363.jpg,5
14625.jpg,0
5486.jpg,2
10457.jpg,0
14724.jpg,4
1524.jpg,1
2379.jpg,2
22878.jpg,1
22863.jpg,5
19054.jpg,3
13208.jpg,3
23235.jpg,4
9128.jpg,4
5550.jpg,5
21698.jpg,2
18585.jpg,1
4229.jpg,0
754.jpg,1
20507.jpg,3
346.jpg,3
15652.jpg,3
4111.jpg,1
9940.jpg,4
14163.jpg,5
19435.jpg,3
5303.jpg,2
16663.jpg,4
13670.jpg,3
24142.jpg,3
17422.jpg,3
15646.jpg,0
21854.jpg,4
12902.jpg,5
17467.jpg,1
20526.jpg,3
11444.jpg,1
11433.jpg,2
9582.jpg,4
23581.jpg,4
21467.jpg,4
13488.jpg,2
21883.jpg,0
15123.jpg,4
18588.jpg,3
14891.jpg,3
18314.jpg,3
5507.jpg,3
9138.jpg,5
6593.jpg,5
11820.jpg,0
4665.jpg,0
24217.jpg,3
18513.jpg,1
14645.jpg,0
16886.jpg,0
3755.jpg,4
3814.jpg,4
23038.jpg,0
1123.jpg,4
3409.jpg,4
16619.jpg,4
8443.jpg,4
2820.jpg,2
5745.jpg,4
12932.jpg,5
13261.jpg,5
3048.jpg,0
9465.jpg,0
4643.jpg,2
20579.jpg,5
1125.jpg,2
2851.jpg,3
15095.jpg,2
536.jpg,2
20263.jpg,3
12577.jpg,2
492.jpg,3
9443.jpg,2
17534.jpg,0
4702.jpg,1
1049.jpg,5
15438.jpg,1
16714.jpg,5
11243.jpg,2
12959.jpg,0
12895.jpg,1
17911.jpg,0
837.jpg,0
9154.jpg,4
11463.jpg,2
13246.jpg,5
21668.jpg,1
11915.jpg,5
20042.jpg,1
7608.jpg,5
16178.jpg,4
9225.jpg,2
3324.jpg,3
1585.jpg,4
20618.jpg,2
23414.jpg,0
13394.jpg,3
23651.jpg,3
2191.jpg,0
69.jpg,5
15994.jpg,5
9524.jpg,0
2798.jpg,4
16071.jpg,1
22641.jpg,1
7995.jpg,0
19264.jpg,3
19557.jpg,4
10873.jpg,1
23302.jpg,5
19525.jpg,3
23063.jpg,1
18296.jpg,1
6031.jpg,0
385.jpg,3
10957.jpg,2
18080.jpg,2
2151.jpg,4
17145.jpg,3
3919.jpg,4
11337.jpg,1
9296.jpg,0
9486.jpg,4
19033.jpg,4
18399.jpg,4
11195.jpg,2
13110.jpg,5
14272.jpg,3
14098.jpg,4
22610.jpg,4
5982.jpg,3
20188.jpg,1
22059.jpg,1
3833.jpg,4
4944.jpg,4
23553.jpg,4
16233.jpg,3
16689.jpg,4
20055.jpg,5
13101.jpg,1
557.jpg,1
4713.jpg,5
5623.jpg,1
7540.jpg,0
17196.jpg,4
13481.jpg,5
5681.jpg,0
16961.jpg,1
705.jpg,5
1644.jpg,1
8785.jpg,1
20809.jpg,0
22985.jpg,0
15105.jpg,5
7835.jpg,2
11668.jpg,1
21117.jpg,0
6026.jpg,1
19018.jpg,1
6943.jpg,5
9139.jpg,3
18085.jpg,2
4596.jpg,5
2046.jpg,3
14601.jpg,2
14606.jpg,0
2302.jpg,1
591.jpg,1
465.jpg,3
22275.jpg,1
7624.jpg,3
24281.jpg,2
9397.jpg,5
9491.jpg,0
21181.jpg,1
12853.jpg,2
21124.jpg,5
4487.jpg,4
17197.jpg,4
10293.jpg,2
6999.jpg,4
22084.jpg,2
19726.jpg,5
16699.jpg,3
5282.jpg,0
19657.jpg,2
14701.jpg,1
11260.jpg,3
7001.jpg,4
18896.jpg,2
16148.jpg,2
8700.jpg,1
13830.jpg,3
14970.jpg,5
11449.jpg,5
13014.jpg,0
22889.jpg,0
15993.jpg,3
4502.jpg,5
14813.jpg,5
6906.jpg,4
10746.jpg,0
4773.jpg,5
20778.jpg,2
14571.jpg,1
11065.jpg,2
3590.jpg,0
18867.jpg,1
4968.jpg,3
15381.jpg,4
20529.jpg,3
4333.jpg,5
18596.jpg,0
19710.jpg,4
15801.jpg,5
23674.jpg,3
785.jpg,2
3930.jpg,1
24210.jpg,0
22544.jpg,0
6992.jpg,0
1771.jpg,4
9134.jpg,4
22008.jpg,4
15151.jpg,3
1356.jpg,3
21416.jpg,1
2466.jpg,3
324.jpg,5
7832.jpg,1
7976.jpg,0
4619.jpg,1
11895.jpg,0
11975.jpg,2
12686.jpg,2
5220.jpg,1
8893.jpg,1
24014.jpg,2
7034.jpg,0
19482.jpg,1
7497.jpg,2
1547.jpg,3
17251.jpg,0
6253.jpg,3
19570.jpg,2
11849.jpg,0
10013.jpg,3
9845.jpg,5
17538.jpg,2
7149.jpg,0
21531.jpg,4
7809.jpg,0
17737.jpg,4
16454.jpg,0
8917.jpg,5
13074.jpg,2
3240.jpg,3
16042.jpg,5
63.jpg,4
18627.jpg,2
12321.jpg,0
15980.jpg,1
1931.jpg,4
10913.jpg,5
4656.jpg,5
18869.jpg,0
15947.jpg,2
21235.jpg,2
3478.jpg,3
4597.jpg,5
17656.jpg,0
21471.jpg,4
18010.jpg,5
14200.jpg,1
16552.jpg,0
10945.jpg,0
6488.jpg,2
4546.jpg,4
10171.jpg,3
482.jpg,3
7099.jpg,5
2106.jpg,2
17300.jpg,2
24168.jpg,4
14542.jpg,4
8108.jpg,0
4518.jpg,5
15591.jpg,2
1561.jpg,5
22591.jpg,5
828.jpg,2
24238.jpg,1
18098.jpg,3
23043.jpg,3
22499.jpg,0
23517.jpg,3
1039.jpg,0
20422.jpg,2
23082.jpg,2
12128.jpg,0
12984.jpg,1
927.jpg,2
21249.jpg,4
18172.jpg,5
22075.jpg,0
7385.jpg,2
12207.jpg,1
12183.jpg,1
2992.jpg,2
10771.jpg,5
5174.jpg,1
4570.jpg,5
5864.jpg,2
17153.jpg,2
7029.jpg,2
2588.jpg,2
12099.jpg,2
13891.jpg,4
12085.jpg,4
12941.jpg,3
11014.jpg,5
7921.jpg,2
3312.jpg,1
9181.jpg,0
19944.jpg,1
16014.jpg,1
20258.jpg,2
8718.jpg,2
11596.jpg,4
6145.jpg,3
10844.jpg,4
9828.jpg,2
8106.jpg,5
5015.jpg,1
28.jpg,3
6245.jpg,1
1536.jpg,3
5236.jpg,2
22067.jpg,4
9550.jpg,1
9085.jpg,3
7643.jpg,1
920.jpg,0
3169.jpg,3
5355.jpg,4
12587.jpg,0
10933.jpg,3
8851.jpg,2
18642.jpg,1
14132.jpg,2
7880.jpg,3
18681.jpg,3
5528.jpg,4
21709.jpg,2
20525.jpg,0
22523.jpg,1
20594.jpg,0
16796.jpg,1
22940.jpg,3
21541.jpg,2
103.jpg,0
10410.jpg,4
4254.jpg,5
12153.jpg,2
1800.jpg,1
1802.jpg,1
3799.jpg,1
3565.jpg,5
16125.jpg,5
15131.jpg,4
2554.jpg,3
22739.jpg,2
1223.jpg,3
4547.jpg,4
351.jpg,0
12563.jpg,3
16397.jpg,3
16781.jpg,3
11201.jpg,4
22902.jpg,1
23944.jpg,1
22236.jpg,5
11983.jpg,0
7651.jpg,3
3161.jpg,0
25.jpg,4
21300.jpg,1
14939.jpg,4
10905.jpg,4
11159.jpg,5
23216.jpg,3
7958.jpg,5
9992.jpg,1
10276.jpg,2
5284.jpg,1
2047.jpg,1
21379.jpg,2
16996.jpg,3
5259.jpg,0
1060.jpg,2
16617.jpg,3
13462.jpg,1
17658.jpg,3
10501.jpg,2
13227.jpg,1
19560.jpg,5
22999.jpg,3
10106.jpg,3
19275.jpg,2
20588.jpg,2
13641.jpg,1
2090.jpg,0
8667.jpg,5
3144.jpg,2
15967.jpg,1
5793.jpg,2
13987.jpg,0
8809.jpg,5
5645.jpg,4
2974.jpg,0
11205.jpg,0
3459.jpg,3
10651.jpg,2
20661.jpg,2
22443.jpg,5
18570.jpg,5
15353.jpg,3
6120.jpg,4
19540.jpg,3
3349.jpg,0
13694.jpg,5
2911.jpg,0
6082.jpg,2
20197.jpg,0
7800.jpg,0
10475.jpg,3
6504.jpg,1
777.jpg,3
579.jpg,2
17116.jpg,3
17215.jpg,1
21739.jpg,4
1290.jpg,3
23878.jpg,0
17921.jpg,5
8249.jpg,5
4318.jpg,3
15224.jpg,3
6306.jpg,0
19100.jpg,4
4754.jpg,4
21372.jpg,5
12100.jpg,0
21958.jpg,4
4703.jpg,1
23665.jpg,1
12459.jpg,4
11403.jpg,1
15728.jpg,1
10164.jpg,1
17231.jpg,0
14391.jpg,5
3417.jpg,0
4526.jpg,3
15041.jpg,4
8888.jpg,4
4454.jpg,1
4022.jpg,3
4300.jpg,2
8988.jpg,1
4153.jpg,5
18727.jpg,1
21673.jpg,2
24081.jpg,5
8568.jpg,0
21869.jpg,3
18067.jpg,3
22835.jpg,4
22274.jpg,0
12751.jpg,4
5903.jpg,4
8383.jpg,3
14376.jpg,2
18013.jpg,2
6296.jpg,3
17843.jpg,2
1831.jpg,2
6375.jpg,2
13163.jpg,2
22533.jpg,5
19107.jpg,1
12834.jpg,4
10669.jpg,5
21068.jpg,4
291.jpg,3
6596.jpg,5
12949.jpg,4
6681.jpg,4
2651.jpg,2
5254.jpg,2
17512.jpg,2
13379.jpg,2
18365.jpg,1
1918.jpg,1
15786.jpg,5
8079.jpg,2
18448.jpg,1
14345.jpg,4
22931.jpg,4
23085.jpg,4
14028.jpg,5
10469.jpg,4
22060.jpg,2
23200.jpg,0
14787.jpg,2
20716.jpg,1
30.jpg,2
4701.jpg,2
6183.jpg,1
22194.jpg,4
9452.jpg,1
14937.jpg,2
24182.jpg,0
9732.jpg,5
6840.jpg,1
9623.jpg,1
19847.jpg,1
22135.jpg,3
16204.jpg,0
11328.jpg,3
12291.jpg,5
21927.jpg,1
13138.jpg,5
10212.jpg,4
3703.jpg,5
5386.jpg,4
577.jpg,4
13069.jpg,1
22560.jpg,3
17982.jpg,4
21495.jpg,4
6924.jpg,4
485.jpg,4
22521.jpg,2
9591.jpg,2
7867.jpg,2
20466.jpg,3
21253.jpg,4
10696.jpg,3
15197.jpg,5
12541.jpg,3
18041.jpg,5
16033.jpg,3
23391.jpg,1
14065.jpg,2
24067.jpg,5
6431.jpg,3
18039.jpg,4
4477.jpg,2
9380.jpg,1
8836.jpg,4
19518.jpg,2
16690.jpg,2
15237.jpg,5
12312.jpg,1
7156.jpg,5
17255.jpg,0
5.jpg,0
16202.jpg,2
10987.jpg,5
21195.jpg,1
14886.jpg,4
15958.jpg,0
18482.jpg,4
14944.jpg,0
1066.jpg,3
18402.jpg,0
22535.jpg,4
3128.jpg,0
7989.jpg,4
5862.jpg,5
23081.jpg,3
20377.jpg,2
14348.jpg,5
16968.jpg,5
13795.jpg,3
1568.jpg,4
10614.jpg,1
9619.jpg,0
7133.jpg,4
5996.jpg,2
2622.jpg,3
16841.jpg,3
9226.jpg,1
4986.jpg,2
242.jpg,0
13475.jpg,1
15148.jpg,0
8910.jpg,2
21502.jpg,3
19957.jpg,2
375.jpg,5
255.jpg,3
9545.jpg,2
9557.jpg,1
12614.jpg,3
7579.jpg,5
16265.jpg,5
1101.jpg,5
20426.jpg,0
23364.jpg,1
14387.jpg,5
7504.jpg,3
19087.jpg,5
4947.jpg,1
17186.jpg,2
19102.jpg,3
17646.jpg,5
12573.jpg,0
11950.jpg,4
16789.jpg,3
8267.jpg,5
1638.jpg,5
17709.jpg,5
4050.jpg,2
5115.jpg,3
15670.jpg,1
3156.jpg,2
13096.jpg,5
6415.jpg,0
8523.jpg,4
22404.jpg,0
24116.jpg,1
6141.jpg,2
6133.jpg,1
10545.jpg,4
4783.jpg,4
2224.jpg,2
19376.jpg,1
2074.jpg,4
19775.jpg,1
4036.jpg,2
4657.jpg,4
3034.jpg,4
22548.jpg,5
2941.jpg,4
14450.jpg,2
13661.jpg,4
4793.jpg,5
19239.jpg,0
18604.jpg,0
20693.jpg,0
8806.jpg,0
6329.jpg,3
18130.jpg,4
8013.jpg,1
8341.jpg,5
17901.jpg,3
3049.jpg,0
6039.jpg,1
11397.jpg,5
23800.jpg,5
12461.jpg,4
9712.jpg,2
6176.jpg,5
17867.jpg,1
11671.jpg,3
10742.jpg,4
7070.jpg,4
15525.jpg,4
1222.jpg,3
12491.jpg,0
5113.jpg,1
12421.jpg,1
4170.jpg,3
12722.jpg,5
9205.jpg,2
1324.jpg,5
23701.jpg,2
13029.jpg,4
15415.jpg,1
7572.jpg,4
4888.jpg,2
10082.jpg,5
11767.jpg,1
15928.jpg,2
7945.jpg,3
23802.jpg,4
7515.jpg,2
17955.jpg,3
14086.jpg,2
1433.jpg,2
17459.jpg,0
19065.jpg,3
14841.jpg,1
5157.jpg,3
20543.jpg,3
10871.jpg,5
4809.jpg,5
14828.jpg,1
21408.jpg,5
24327.jpg,2
9405.jpg,3
1777.jpg,0
9529.jpg,4
13162.jpg,3
4473.jpg,3
23278.jpg,5
8979.jpg,2
803.jpg,2
4419.jpg,3
8943.jpg,4
5909.jpg,0
7406.jpg,4
20135.jpg,1
4127.jpg,4
4326.jpg,5
23556.jpg,3
12446.jpg,2
689.jpg,5
2180.jpg,1
20003.jpg,3
21951.jpg,1
6917.jpg,5
15631.jpg,5
13601.jpg,2
9546.jpg,3
9816.jpg,5
9593.jpg,2
16743.jpg,2
2340.jpg,1
21672.jpg,5
6066.jpg,5
7514.jpg,2
10415.jpg,0
18868.jpg,1
20301.jpg,4
4618.jpg,5
22532.jpg,5
10157.jpg,5
23178.jpg,2
11742.jpg,1
21333.jpg,3
12836.jpg,5
17640.jpg,1
989.jpg,0
15781.jpg,5
14384.jpg,1
5036.jpg,2
14722.jpg,5
9665.jpg,0
6595.jpg,0
12267.jpg,1
15337.jpg,3
19899.jpg,5
11324.jpg,2
16777.jpg,1
16630.jpg,3
2977.jpg,1
237.jpg,3
18090.jpg,4
4061.jpg,2
9836.jpg,5
18859.jpg,2
18478.jpg,2
7371.jpg,1
2330.jpg,1
1713.jpg,3
14925.jpg,0
19190.jpg,1
17438.jpg,0
23704.jpg,2
13060.jpg,1
17525.jpg,0
3883.jpg,3
14150.jpg,1
2240.jpg,0
3790.jpg,3
8973.jpg,2
13802.jpg,1
21626.jpg,5
11061.jpg,1
20773.jpg,0
8289.jpg,3
17039.jpg,3
19581.jpg,5
11603.jpg,2
21877.jpg,5
22217.jpg,2
9244.jpg,4
23991.jpg,4
10397.jpg,4
607.jpg,2
5739.jpg,1
9165.jpg,4
3625.jpg,3
22972.jpg,4
7352.jpg,1
462.jpg,1
16499.jpg,5
13137.jpg,2
14121.jpg,4
5072.jpg,0
3640.jpg,0
11210.jpg,0
22888.jpg,0
22874.jpg,5
4223.jpg,0
11838.jpg,1
22758.jpg,0
3622.jpg,4
8929.jpg,5
21079.jpg,5
16749.jpg,2
1083.jpg,5
3093.jpg,2
7110.jpg,0
11585.jpg,3
23583.jpg,1
21261.jpg,5
1388.jpg,4
23699.jpg,3
13303.jpg,3
9777.jpg,0
4535.jpg,5
5558.jpg,0
546.jpg,0
19733.jpg,4
13369.jpg,2
15632.jpg,4
7377.jpg,1
555.jpg,5
17723.jpg,0
23249.jpg,0
17644.jpg,5
890.jpg,1
22492.jpg,3
12609.jpg,1
14327.jpg,5
12625.jpg,3
10284.jpg,3
16986.jpg,0
2780.jpg,3
6246.jpg,4
17083.jpg,0
5197.jpg,3
570.jpg,4
16535.jpg,2
13424.jpg,4
21482.jpg,3
14624.jpg,3
126.jpg,5
18094.jpg,4
8586.jpg,4
14589.jpg,0
667.jpg,1
15745.jpg,4
7732.jpg,4
9917.jpg,5
22359.jpg,2
17653.jpg,4
10700.jpg,0
22621.jpg,2
4445.jpg,2
19320.jpg,5
110.jpg,3
5467.jpg,0
7920.jpg,2
14487.jpg,1
16328.jpg,1
11904.jpg,0
7269.jpg,1
16684.jpg,3
4118.jpg,5
2065.jpg,4
14715.jpg,2
11948.jpg,3
8507.jpg,5
18685.jpg,4
16096.jpg,1
1893.jpg,3
23217.jpg,1
17090.jpg,1
2760.jpg,5
3258.jpg,4
22651.jpg,4
13774.jpg,5
10159.jpg,4
22604.jpg,2
20376.jpg,0
16814.jpg,5
12763.jpg,2
18975.jpg,4
11901.jpg,0
21786.jpg,1
2620.jpg,1
3851.jpg,0
6582.jpg,0
3248.jpg,4
8887.jpg,2
23957.jpg,1
24104.jpg,3
24296.jpg,5
8941.jpg,1
4122.jpg,5
3451.jpg,5
10092.jpg,1
1712.jpg,4
8852.jpg,5
1975.jpg,2
1830.jpg,3
20708.jpg,0
7864.jpg,3
23672.jpg,3
1405.jpg,1
8174.jpg,4
337.jpg,4
15846.jpg,4
15455.jpg,0
12340.jpg,5
21157.jpg,2
3317.jpg,3
8512.jpg,5
10360.jpg,1
17010.jpg,2
18378.jpg,5
2187.jpg,5
7484.jpg,4
11540.jpg,4
16676.jpg,4
4655.jpg,4
6165.jpg,3
2931.jpg,4
15713.jpg,2
18330.jpg,3
11488.jpg,0
20501.jpg,1
23214.jpg,5
5128.jpg,0
23602.jpg,5
14356.jpg,5
9864.jpg,5
6580.jpg,2
4730.jpg,5
5218.jpg,2
24061.jpg,2
14051.jpg,4
2023.jpg,0
23599.jpg,5
15805.jpg,1
881.jpg,2
2163.jpg,5
812.jpg,3
11879.jpg,2
16922.jpg,1
20901.jpg,1
4247.jpg,4
19262.jpg,1
17140.jpg,1
17241.jpg,5
3946.jpg,5
2883.jpg,1
11752.jpg,1
11427.jpg,0
672.jpg,1
1577.jpg,5
4179.jpg,2
7657.jpg,3
20130.jpg,3
19562.jpg,0
4045.jpg,1
3101.jpg,1
4591.jpg,5
10413.jpg,5
8050.jpg,5
14082.jpg,4
7438.jpg,2
8330.jpg,3
3322.jpg,2
2901.jpg,3
19665.jpg,0
3639.jpg,5
12894.jpg,3
13686.jpg,2
3214.jpg,0
4670.jpg,2
389.jpg,1
11071.jpg,2
9347.jpg,3
17949.jpg,4
16548.jpg,2
7804.jpg,5
12150.jpg,5
9247.jpg,2
7044.jpg,3
12407.jpg,5
22781.jpg,5
9215.jpg,5
9640.jpg,5
3520.jpg,5
3918.jpg,2
19618.jpg,2
14427.jpg,5
6357.jpg,0
24102.jpg,1
21838.jpg,1
4078.jpg,5
9421.jpg,4
23953.jpg,5
21540.jpg,2
12298.jpg,0
9024.jpg,2
6485.jpg,4
19146.jpg,5
22770.jpg,0
20817.jpg,4
11423.jpg,2
14137.jpg,4
1764.jpg,5
15282.jpg,3
24064.jpg,1
21050.jpg,2
4699.jpg,3
23752.jpg,4
14359.jpg,3
13436.jpg,2
8645.jpg,2
141.jpg,5
12901.jpg,1
8303.jpg,3
17430.jpg,3
20262.jpg,1
18983.jpg,0
5365.jpg,4
1158.jpg,3
21625.jpg,4
16551.jpg,4
13614.jpg,2
1722.jpg,2
17349.jpg,3
2719.jpg,1
10471.jpg,2
17572.jpg,1
21968.jpg,2
4584.jpg,5
22505.jpg,0
22981.jpg,2
10066.jpg,3
21704.jpg,1
13805.jpg,0
15158.jpg,5
21444.jpg,0
11533.jpg,0
19427.jpg,0
1935.jpg,4
20721.jpg,5
4418.jpg,1
3677.jpg,4
13466.jpg,2
9144.jpg,2
14445.jpg,1
19123.jpg,2
6464.jpg,1
1986.jpg,1
16878.jpg,5
2574.jpg,3
6769.jpg,5
13554.jpg,2
2933.jpg,4
22566.jpg,4
6612.jpg,0
9710.jpg,3
9552.jpg,4
22077.jpg,0
11500.jpg,3
22853.jpg,3
23631.jpg,2
9523.jpg,4
19836.jpg,2
19558.jpg,5
20410.jpg,1
9259.jpg,0
17704.jpg,3
12354.jpg,4
16429.jpg,1
8155.jpg,2
7750.jpg,5
13914.jpg,5
15766.jpg,4
9094.jpg,1
12015.jpg,2
15662.jpg,4
2441.jpg,5
21847.jpg,2
22497.jpg,0
23533.jpg,1
4736.jpg,1
4355.jpg,4
7894.jpg,2
11638.jpg,4
900.jpg,5
4213.jpg,2
6651.jpg,2
22939.jpg,3
6025.jpg,3
936.jpg,4
5732.jpg,1
15685.jpg,2
11886.jpg,5
8429.jpg,1
11703.jpg,4
6783.jpg,4
8986.jpg,3
3644.jpg,2
19351.jpg,1
19687.jpg,4
13895.jpg,5
24156.jpg,2
12201.jpg,3
12023.jpg,4
7224.jpg,4
10558.jpg,2
8215.jpg,5
23028.jpg,0
23074.jpg,5
5736.jpg,4
8675.jpg,4
490.jpg,2
6974.jpg,0
21322.jpg,5
14753.jpg,0
4183.jpg,5
14496.jpg,4
18986.jpg,2
7158.jpg,4
4089.jpg,5
15890.jpg,3
13037.jpg,0
10083.jpg,2
21820.jpg,1
3027.jpg,0
3627.jpg,4
4915.jpg,1
2771.jpg,1
3853.jpg,3
13095.jpg,2
9629.jpg,4
15983.jpg,4
16794.jpg,0
20039.jpg,1
1170.jpg,4
17182.jpg,0
23850.jpg,4
15057.jpg,1
17395.jpg,4
17627.jpg,1
8730.jpg,2
13034.jpg,3
11942.jpg,4
19852.jpg,1
6920.jpg,0
15500.jpg,4
20031.jpg,3
4792.jpg,0
2055.jpg,2
19165.jpg,2
2326.jpg,4
7161.jpg,0
10523.jpg,1
1440.jpg,3
18458.jpg,0
20919.jpg,4
14594.jpg,1
13878.jpg,5
4201.jpg,2
20920.jpg,2
7432.jpg,0
5841.jpg,5
22728.jpg,1
22118.jpg,2
7481.jpg,2
16099.jpg,2
8552.jpg,0
7480.jpg,3
11248.jpg,2
1511.jpg,0
22701.jpg,3
16839.jpg,3
1492.jpg,2
22611.jpg,1
21880.jpg,0
8320.jpg,3
10762.jpg,2
20141.jpg,5
15014.jpg,1
20302.jpg,3
17310.jpg,5
15458.jpg,1
23592.jpg,1
21565.jpg,1
7817.jpg,0
5460.jpg,2
1227.jpg,4
22211.jpg,4
13342.jpg,5
23673.jpg,2
7301.jpg,1
15832.jpg,3
10311.jpg,1
14973.jpg,3
14696.jpg,0
14357.jpg,4
7348.jpg,3
5112.jpg,3
7918.jpg,1
18873.jpg,1
21033.jpg,3
23128.jpg,2
17839.jpg,3
11022.jpg,4
18459.jpg,4
17127.jpg,3
18732.jpg,5
5125.jpg,5
16023.jpg,4
6062.jpg,1
2814.jpg,2
3819.jpg,1
5803.jpg,4
3189.jpg,0
6173.jpg,2
4123.jpg,0
5749.jpg,5
19271.jpg,1
20023.jpg,0
8817.jpg,4
1664.jpg,5
21166.jpg,0
6047.jpg,5
7772.jpg,1
17778.jpg,2
6206.jpg,4
13518.jpg,2
11704.jpg,3
11949.jpg,1
19564.jpg,1
21752.jpg,2
18461.jpg,3
7684.jpg,3
9711.jpg,3
23799.jpg,4
4689.jpg,3
6764.jpg,3
3564.jpg,1
10461.jpg,5
16532.jpg,3
5100.jpg,1
1652.jpg,2
1288.jpg,2
2833.jpg,1
5851.jpg,4
21976.jpg,2
9626.jpg,4
5520.jpg,4
584.jpg,4
19093.jpg,1
23650.jpg,2
8808.jpg,4
11242.jpg,2
19702.jpg,1
6333.jpg,0
10622.jpg,1
11995.jpg,3
10290.jpg,0
9882.jpg,0
23622.jpg,1
16997.jpg,1
8983.jpg,5
15634.jpg,3
23374.jpg,2
22364.jpg,5
140.jpg,0
22519.jpg,4
4085.jpg,4
6094.jpg,4
12514.jpg,1
11761.jpg,3
23751.jpg,1
4243.jpg,5
20219.jpg,5
6557.jpg,4
13752.jpg,4
8286.jpg,2
5180.jpg,2
13738.jpg,3
22788.jpg,1
5158.jpg,3
19549.jpg,4
17884.jpg,1
17477.jpg,4
23120.jpg,1
22468.jpg,1
22559.jpg,4
10843.jpg,0
23112.jpg,2
17129.jpg,1
13754.jpg,0
6200.jpg,2
9933.jpg,2
10305.jpg,0
11581.jpg,5
15375.jpg,1
21836.jpg,5
23696.jpg,1
19022.jpg,5
11678.jpg,2
13283.jpg,5
20607.jpg,1
23970.jpg,5
10226.jpg,3
14580.jpg,0
7312.jpg,0
13471.jpg,5
23508.jpg,3
16859.jpg,1
2235.jpg,5
3441.jpg,2
23856.jpg,5
18040.jpg,2
13066.jpg,5
1383.jpg,0
17935.jpg,1
9207.jpg,4
9824.jpg,0
10119.jpg,4
4080.jpg,4
3838.jpg,2
2278.jpg,1
17536.jpg,2
14380.jpg,1
19875.jpg,0
6207.jpg,4
8020.jpg,1
424.jpg,3
14370.jpg,2
11996.jpg,1
2167.jpg,3
7564.jpg,0
14402.jpg,2
8506.jpg,5
9451.jpg,3
8347.jpg,0
13695.jpg,2
9041.jpg,4
10479.jpg,1
17641.jpg,5
10269.jpg,3
22658.jpg,0
12809.jpg,4
11361.jpg,2
16040.jpg,1
14197.jpg,5
7765.jpg,2
7159.jpg,4
21767.jpg,3
2910.jpg,3
19977.jpg,1
18562.jpg,3
20364.jpg,3
14506.jpg,1
10405.jpg,3
21133.jpg,5
4091.jpg,2
7869.jpg,5
12731.jpg,1
3052.jpg,2
2507.jpg,4
4766.jpg,4
18340.jpg,2
15747.jpg,4
17630.jpg,1
12631.jpg,1
7737.jpg,0
3976.jpg,4
4220.jpg,5
9743.jpg,2
8869.jpg,3
11273.jpg,5
20979.jpg,4
16554.jpg,0
13714.jpg,0
21980.jpg,2
20557.jpg,3
12677.jpg,0
3830.jpg,5
2642.jpg,5
8000.jpg,5
8763.jpg,0
8456.jpg,0
3171.jpg,5
5107.jpg,0
6163.jpg,0
3026.jpg,5
4241.jpg,5
19646.jpg,0
20022.jpg,3
23809.jpg,3
2064.jpg,5
9897.jpg,5
14292.jpg,3
11256.jpg,1
23693.jpg,1
21997.jpg,3
10052.jpg,0
8128.jpg,3
21528.jpg,1
19381.jpg,2
9630.jpg,0
10694.jpg,4
12784.jpg,4
9973.jpg,4
17375.jpg,4
4765.jpg,5
8395.jpg,3
1842.jpg,2
18813.jpg,5
14776.jpg,0
8401.jpg,4
4869.jpg,4
9826.jpg,3
7112.jpg,4
6162.jpg,5
3294.jpg,1
11166.jpg,3
16818.jpg,2
15878.jpg,5
11688.jpg,5
9596.jpg,5
20824.jpg,1
12176.jpg,5
17172.jpg,2
2824.jpg,4
22435.jpg,5
14922.jpg,5
16950.jpg,5
21938.jpg,2
3932.jpg,0
23046.jpg,1
19614.jpg,0
7904.jpg,0
17128.jpg,4
9972.jpg,5
22225.jpg,1
3605.jpg,1
22413.jpg,5
19008.jpg,0
605.jpg,0
9500.jpg,1
6148.jpg,1
15909.jpg,1
19734.jpg,0
13696.jpg,4
9131.jpg,0
13457.jpg,3
18693.jpg,1
22456.jpg,2
14364.jpg,2
16323.jpg,5
16408.jpg,3
20361.jpg,1
20496.jpg,5
7757.jpg,2
2352.jpg,4
4652.jpg,4
12279.jpg,2
13012.jpg,4
24074.jpg,4
16477.jpg,5
12480.jpg,5
7670.jpg,1
2867.jpg,2
8094.jpg,4
14604.jpg,5
12765.jpg,0
17254.jpg,5
21693.jpg,3
20698.jpg,4
14732.jpg,1
8666.jpg,3
22573.jpg,2
9515.jpg,5
7510.jpg,2
6542.jpg,1
14684.jpg,5
17271.jpg,5
6353.jpg,4
5480.jpg,3
22914.jpg,1
14539.jpg,3
935.jpg,0
8520.jpg,2
24232.jpg,2
1923.jpg,4
1190.jpg,4
14181.jpg,4
12234.jpg,5
10629.jpg,4
5391.jpg,3
11430.jpg,3
16075.jpg,5
16844.jpg,2
19160.jpg,0
13628.jpg,2
22905.jpg,5
23834.jpg,5
21595.jpg,2
12331.jpg,4
616.jpg,0
19748.jpg,5
3160.jpg,0
7768.jpg,0
127.jpg,2
12139.jpg,4
6951.jpg,2
1795.jpg,1
12259.jpg,2
20977.jpg,5
19396.jpg,5
11091.jpg,0
1583.jpg,2
14930.jpg,0
5455.jpg,0
23992.jpg,1
14919.jpg,0
6013.jpg,2
11756.jpg,0
8465.jpg,4
3231.jpg,3
442.jpg,1
4190.jpg,1
23238.jpg,1
14199.jpg,3
2595.jpg,3
18058.jpg,5
5969.jpg,5
8654.jpg,5
14.jpg,5
9056.jpg,2
2317.jpg,4
14374.jpg,4
16947.jpg,0
4613.jpg,2
11758.jpg,5
10625.jpg,4
10129.jpg,2
3464.jpg,2
21346.jpg,0
15914.jpg,0
18738.jpg,2
8037.jpg,1
4058.jpg,3
10288.jpg,3
8369.jpg,2
21112.jpg,0
12254.jpg,3
22449.jpg,0
3363.jpg,3
12985.jpg,0
13979.jpg,4
2485.jpg,0
16318.jpg,3
1448.jpg,2
9111.jpg,4
21567.jpg,5
8416.jpg,2
19707.jpg,1
20747.jpg,3
3431.jpg,0
1302.jpg,4
21825.jpg,1
11021.jpg,1
23805.jpg,1
15079.jpg,3
14401.jpg,4
10199.jpg,5
23999.jpg,1
16471.jpg,1
13840.jpg,0
16266.jpg,2
7568.jpg,5
17833.jpg,1
15406.jpg,3
5389.jpg,5
9411.jpg,1
7130.jpg,3
9136.jpg,5
20673.jpg,2
6017.jpg,2
2449.jpg,0
14878.jpg,0
9235.jpg,1
77.jpg,0
4882.jpg,0
51.jpg,2
7898.jpg,0
21134.jpg,3
13853.jpg,0
2534.jpg,0
5004.jpg,1
2711.jpg,0
13545.jpg,4
273.jpg,1
14685.jpg,2
12078.jpg,4
6450.jpg,3
8820.jpg,3
2718.jpg,2
19596.jpg,4
19916.jpg,3
11720.jpg,5
8454.jpg,4
16497.jpg,1
19287.jpg,5
14186.jpg,3
17699.jpg,0
5718.jpg,3
13604.jpg,0
2538.jpg,3
8154.jpg,0
16738.jpg,4
20321.jpg,1
22392.jpg,0
17561.jpg,3
18118.jpg,1
14765.jpg,4
8190.jpg,4
19986.jpg,5
2135.jpg,5
2767.jpg,5
8186.jpg,3
11577.jpg,4
21264.jpg,3
8956.jpg,4
20012.jpg,2
5571.jpg,5
2791.jpg,2
10246.jpg,1
3552.jpg,0
5647.jpg,3
14768.jpg,3
7605.jpg,5
16851.jpg,1
2745.jpg,5
4347.jpg,5
20412.jpg,1
22244.jpg,2
17115.jpg,5
20604.jpg,3
20208.jpg,3
20354.jpg,1
4577.jpg,5
13214.jpg,5
2432.jpg,3
20551.jpg,3
22324.jpg,5
15887.jpg,1
23305.jpg,0
6964.jpg,0
7796.jpg,1
20814.jpg,1
3600.jpg,1
20214.jpg,4
17269.jpg,4
15984.jpg,0
7405.jpg,4
11357.jpg,3
7548.jpg,1
15859.jpg,4
19754.jpg,2
8270.jpg,2
15420.jpg,1
4203.jpg,0
18836.jpg,1
12090.jpg,3
9122.jpg,4
17883.jpg,3
21561.jpg,1
6027.jpg,0
3648.jpg,2
1162.jpg,2
940.jpg,3
4066.jpg,3
6707.jpg,0
1997.jpg,4
4896.jpg,3
3709.jpg,0
18246.jpg,2
10806.jpg,2
8972.jpg,2
22018.jpg,4
23013.jpg,4
17223.jpg,5
4681.jpg,5
22916.jpg,2
4693.jpg,5
14303.jpg,2
21891.jpg,1
6732.jpg,3
7555.jpg,2
22841.jpg,4
17146.jpg,3
9559.jpg,4
22263.jpg,3
10040.jpg,5
11884.jpg,4
8795.jpg,0
16539.jpg,5
14176.jpg,1
7536.jpg,5
3508.jpg,4
7987.jpg,3
8632.jpg,4
6995.jpg,0
20049.jpg,4
18549.jpg,1
17710.jpg,3
732.jpg,5
12155.jpg,4
23115.jpg,3
13799.jpg,4
11584.jpg,0
17035.jpg,3
6721.jpg,5
8134.jpg,1
8449.jpg,1
6738.jpg,2
23035.jpg,3
7697.jpg,1
15022.jpg,3
7315.jpg,5
8024.jpg,5
9086.jpg,3
21831.jpg,4
18492.jpg,2
6001.jpg,3
24257.jpg,1
9837.jpg,1
23916.jpg,0
15744.jpg,1
10733.jpg,5
22704.jpg,5
13755.jpg,4
10124.jpg,3
3655.jpg,1
22281.jpg,4
13845.jpg,1
3730.jpg,0
8391.jpg,1
12753.jpg,0
11481.jpg,4
13541.jpg,1
3865.jpg,3
8066.jpg,5
14697.jpg,2
10147.jpg,4
21863.jpg,2
7743.jpg,5
11705.jpg,5
22838.jpg,1
22148.jpg,5
1468.jpg,3
17233.jpg,2
19685.jpg,0
19426.jpg,2
3223.jpg,0
16759.jpg,4
7460.jpg,0
11130.jpg,5
3135.jpg,4
21802.jpg,3
17608.jpg,0
17907.jpg,1
4825.jpg,5
3495.jpg,2
1463.jpg,2
11793.jpg,3
1678.jpg,2
7862.jpg,3
15063.jpg,4
21778.jpg,1
2938.jpg,2
16945.jpg,4
2228.jpg,3
17802.jpg,2
6850.jpg,5
14254.jpg,2
15520.jpg,4
12286.jpg,5
8945.jpg,0
17960.jpg,0
14672.jpg,4
149.jpg,1
22926.jpg,0
20029.jpg,4
3859.jpg,0
20711.jpg,5
4807.jpg,5
22056.jpg,1
172.jpg,1
22808.jpg,3
12402.jpg,0
9440.jpg,5
21582.jpg,0
18371.jpg,5
20146.jpg,0
1307.jpg,4
21190.jpg,1
2227.jpg,3
23666.jpg,5
16107.jpg,2
11145.jpg,5
11059.jpg,3
10923.jpg,1
18647.jpg,4
17598.jpg,1
18250.jpg,1
14215.jpg,1
11645.jpg,3
23017.jpg,2
14017.jpg,0
15266.jpg,4
13373.jpg,1
10538.jpg,3
13768.jpg,3
19012.jpg,4
8578.jpg,4
19686.jpg,1
7691.jpg,4
4867.jpg,4
11682.jpg,4
16656.jpg,5
22806.jpg,5
18278.jpg,1
13756.jpg,1
16514.jpg,5
5881.jpg,5
14415.jpg,1
14351.jpg,1
1474.jpg,2
19757.jpg,2
16742.jpg,2
64.jpg,1
23789.jpg,1
19423.jpg,5
14796.jpg,1
22554.jpg,5
20445.jpg,3
7526.jpg,3
5402.jpg,2
4248.jpg,5
2895.jpg,4
2395.jpg,2
18801.jpg,4
15130.jpg,1
18210.jpg,1
12133.jpg,4
13193.jpg,5
16822.jpg,3
19109.jpg,1
2722.jpg,0
13758.jpg,0
4468.jpg,0
14235.jpg,4
17342.jpg,2
7137.jpg,4
20862.jpg,5
22327.jpg,0
19086.jpg,1
2016.jpg,5
17800.jpg,4
1924.jpg,0
6663.jpg,1
12326.jpg,2
9210.jpg,3
15240.jpg,1
2846.jpg,4
9683.jpg,4
15602.jpg,1
161.jpg,4
1544.jpg,4
9361.jpg,5
7263.jpg,2
4746.jpg,3
3012.jpg,2
14162.jpg,4
15315.jpg,1
11589.jpg,1
18121.jpg,5
21796.jpg,5
20063.jpg,5
12978.jpg,1
17836.jpg,0
3987.jpg,4
3432.jpg,3
8083.jpg,4
14814.jpg,4
17626.jpg,3
12914.jpg,5
434.jpg,4
15731.jpg,4
14276.jpg,3
23664.jpg,4
11335.jpg,5
12553.jpg,5
3721.jpg,3
5961.jpg,5
14842.jpg,0
11119.jpg,5
5164.jpg,0
15396.jpg,1
21449.jpg,2
18254.jpg,5
1180.jpg,1
11109.jpg,5
12297.jpg,1
7566.jpg,4
12464.jpg,1
13931.jpg,2
10447.jpg,1
7317.jpg,1
16766.jpg,3
5457.jpg,3
10858.jpg,1
6647.jpg,1
12785.jpg,1
4642.jpg,5
10819.jpg,3
21882.jpg,0
5933.jpg,3
20636.jpg,5
12841.jpg,0
5445.jpg,0
20689.jpg,3
17054.jpg,2
20032.jpg,1
5383.jpg,2
17791.jpg,4
3962.jpg,4
23719.jpg,4
22016.jpg,3
15866.jpg,2
6677.jpg,5
12325.jpg,2
18956.jpg,0
548.jpg,5
3206.jpg,0
14682.jpg,5
9047.jpg,0
6930.jpg,2
7194.jpg,0
22061.jpg,5
16484.jpg,5
12371.jpg,5
1376.jpg,3
10568.jpg,2
1081.jpg,0
23099.jpg,4
4949.jpg,2
13945.jpg,5
5314.jpg,1
12087.jpg,0
21441.jpg,3
8736.jpg,1
10785.jpg,3
11330.jpg,1
7567.jpg,4
12642.jpg,2
13476.jpg,1
16039.jpg,2
12420.jpg,4
2206.jpg,5
10435.jpg,1
7025.jpg,0
22825.jpg,0
18953.jpg,2
16486.jpg,1
12276.jpg,2
7249.jpg,5
11891.jpg,4
20912.jpg,5
20784.jpg,1
5541.jpg,1
13204.jpg,0
16035.jpg,0
12831.jpg,3
19979.jpg,4
23396.jpg,2
11776.jpg,0
22146.jpg,0
21803.jpg,2
6071.jpg,1
516.jpg,3
939.jpg,3
22582.jpg,2
9374.jpg,2
21577.jpg,1
10109.jpg,4
20453.jpg,2
1681.jpg,4
22509.jpg,4
498.jpg,2
22181.jpg,1
20308.jpg,4
24216.jpg,0
798.jpg,4
5773.jpg,2
20338.jpg,3
21394.jpg,5
15136.jpg,1
3351.jpg,3
15336.jpg,5
917.jpg,4
3271.jpg,5
1008.jpg,5
11998.jpg,4
1459.jpg,0
13001.jpg,2
14965.jpg,4
15645.jpg,0
10572.jpg,3
8285.jpg,3
22419.jpg,4
975.jpg,4
14636.jpg,1
21110.jpg,2
2425.jpg,1
23765.jpg,1
19191.jpg,4
17243.jpg,5
10054.jpg,2
18404.jpg,0
19283.jpg,3
18806.jpg,5
12687.jpg,0
6051.jpg,3
7219.jpg,5
12352.jpg,1
23057.jpg,3
19500.jpg,0
22170.jpg,0
10004.jpg,5
15391.jpg,0
5725.jpg,2
19409.jpg,0
18405.jpg,4
15023.jpg,5
14784.jpg,3
9333.jpg,4
21402.jpg,3
4226.jpg,5
18304.jpg,4
22312.jpg,1
8075.jpg,3
4430.jpg,2
9092.jpg,5
21289.jpg,1
18223.jpg,1
23331.jpg,4
19745.jpg,1
4136.jpg,3
14498.jpg,2
7372.jpg,2
19604.jpg,2
9022.jpg,2
12215.jpg,4
6397.jpg,4
12850.jpg,4
4072.jpg,0
13657.jpg,0
132.jpg,4
18434.jpg,2
1338.jpg,2
14996.jpg,3
17550.jpg,0
19433.jpg,3
6725.jpg,4
10436.jpg,3
4164.jpg,4
6247.jpg,3
15068.jpg,1
18800.jpg,3
20471.jpg,0
21284.jpg,3
7723.jpg,5
20743.jpg,5
6257.jpg,2
1634.jpg,4
22662.jpg,5
19587.jpg,5
2442.jpg,0
21382.jpg,3
9834.jpg,2
23341.jpg,3
14428.jpg,2
16626.jpg,0
8127.jpg,4
4140.jpg,3
21667.jpg,5
17408.jpg,4
19670.jpg,3
4733.jpg,5
20886.jpg,2
3277.jpg,5
11121.jpg,3
22541.jpg,4
16380.jpg,0
4749.jpg,4
1821.jpg,2
14531.jpg,0
5868.jpg,4
429.jpg,4
4319.jpg,4
21839.jpg,3
20403.jpg,0
10132.jpg,3
3925.jpg,3
16558.jpg,3
6419.jpg,5
17931.jpg,0
10864.jpg,2
10175.jpg,0
4677.jpg,5
23203.jpg,0
1431.jpg,1
19309.jpg,1
6579.jpg,0
19871.jpg,4
3789.jpg,4
12612.jpg,4
19906.jpg,5
11903.jpg,0
2825.jpg,2
3517.jpg,2
8802.jpg,2
10712.jpg,5
20235.jpg,1
17068.jpg,2
11174.jpg,4
12163.jpg,0
16298.jpg,5
22957.jpg,4
7808.jpg,4
16780.jpg,1
7119.jpg,0
5954.jpg,1
15879.jpg,2
4357.jpg,4
2640.jpg,4
11575.jpg,1
23770.jpg,5
10988.jpg,2
6438.jpg,0
9203.jpg,2
3419.jpg,2
14656.jpg,3
6531.jpg,1
21733.jpg,2
18396.jpg,4
16955.jpg,4
23844.jpg,0
8672.jpg,4
20609.jpg,3
11573.jpg,0
15208.jpg,0
19877.jpg,2
761.jpg,2
14210.jpg,0
10060.jpg,1
23267.jpg,4
24259.jpg,3
17304.jpg,2
22407.jpg,1
841.jpg,3
1418.jpg,0
14084.jpg,5
17692.jpg,1
7986.jpg,3
10534.jpg,2
7160.jpg,1
84.jpg,3
1255.jpg,3
4083.jpg,5
8150.jpg,2
15935.jpg,1
5942.jpg,0
19839.jpg,0
23946.jpg,5
18522.jpg,5
17041.jpg,1
8911.jpg,5
16729.jpg,1
779.jpg,2
3835.jpg,0
2476.jpg,4
15399.jpg,2
14473.jpg,4
22932.jpg,1
19029.jpg,5
23514.jpg,4
12395.jpg,3
16146.jpg,5
182.jpg,5
453.jpg,3
10893.jpg,4
10816.jpg,2
12635.jpg,0
6424.jpg,1
9066.jpg,5
15157.jpg,3
16680.jpg,5
2248.jpg,2
15318.jpg,4
8468.jpg,2
17917.jpg,5
7589.jpg,0
21922.jpg,2
3372.jpg,3
16232.jpg,3
6332.jpg,5
1617.jpg,5
22178.jpg,3
3906.jpg,3
8117.jpg,3
11240.jpg,1
11252.jpg,4
1812.jpg,0
143.jpg,2
2700.jpg,3
9982.jpg,5
19471.jpg,5
2328.jpg,3
2816.jpg,2
18141.jpg,5
19467.jpg,5
5589.jpg,2
4237.jpg,5
11711.jpg,3
21194.jpg,2
16999.jpg,3
1914.jpg,0
1351.jpg,1
20233.jpg,0
11135.jpg,5
21057.jpg,5
13302.jpg,1
18594.jpg,0
15825.jpg,3
760.jpg,3
520.jpg,0
14971.jpg,5
13989.jpg,5
7218.jpg,5
8490.jpg,1
16436.jpg,0
6989.jpg,1
6349.jpg,2
1095.jpg,3
14771.jpg,5
1515.jpg,5
1328.jpg,4
615.jpg,5
4817.jpg,0
22371.jpg,1
13367.jpg,4
4150.jpg,0
4563.jpg,4
